{
    "id": 13,
    "publicAccess": true,
    "name": {
        "en": "A & U Publication (HK) Limited",
        "zh-hant": "建築與城巿出版社有限公司"
    },
    "alphaSortName": {
        "en": "A & U Publication (HK) Limited",
        "zh-hant": "建築與城巿出版社有限公司"
    },
    "type": "Organization",
    "roles": [
        "Publisher",
        "出版社"
    ],
    "displayBio": {
        "en": "established Hong Kong, 1989",
        "zh-hant": "於香港成立"
    },
    "gender": {
        "en": "Not Applicable",
        "zh-hant": "不適用"
    },
    "beginDate": 1989,
    "endDate": null,
    "nationality": {
        "en": "Hong Kong",
        "zh-hant": "香港"
    }
}