{
    "id": 14,
    "publicAccess": true,
    "name": {
        "en": "Alessi",
        "zh-hant": "Alessi"
    },
    "alphaSortName": {
        "en": "Alessi",
        "zh-hant": "Alessi"
    },
    "type": "Organization",
    "roles": [
        "Manufacturer",
        "製造商",
        "Design Firm",
        "設計師事務所"
    ],
    "displayBio": {
        "en": "established Omegna, 1921",
        "zh-hant": "1921年成立於奥梅良"
    },
    "gender": {
        "en": "Not Applicable",
        "zh-hant": "不適用"
    },
    "beginDate": 1921,
    "endDate": null,
    "nationality": {
        "en": "Italian",
        "zh-hant": "意大利籍"
    }
}