{
    "id": 16,
    "publicAccess": true,
    "name": {
        "en": "Andrew Lee King Fun & Associates Architects Limited",
        "zh-hant": "李景勳、雷煥庭建築師有限公司"
    },
    "alphaSortName": {
        "en": "Lee King Fun & Associates Architects Limited, Andrew",
        "zh-hant": "李景勳、雷煥庭建築師有限公司"
    },
    "type": "Organization",
    "roles": [
        "Architectural Firm",
        "建築師事務所",
        "Archive Creator",
        "建檔者"
    ],
    "displayBio": {
        "en": "established Hong Kong, 1962",
        "zh-hant": "1962年成立於香港"
    },
    "gender": {
        "en": "Not Applicable",
        "zh-hant": "不適用"
    },
    "beginDate": 1962,
    "endDate": null,
    "nationality": {
        "en": "Hong Kong",
        "zh-hant": "香港"
    }
}