{
    "id": 11,
    "publicAccess": true,
    "name": {
        "en": "M+ Museum",
        "zh-hant": "M+ Museum"
    },
    "alphaSortName": {
        "en": "M+ Museum",
        "zh-hant": "M+ Museum"
    },
    "type": "Organization",
    "roles": [
        "Commissioned by",
        "委約方"
    ],
    "displayBio": {
        "en": "established Hong Kong, 2010",
        "zh-hant": "2010年成立於香港"
    },
    "gender": {
        "en": "Not Applicable",
        "zh-hant": "不適用"
    },
    "beginDate": 2010,
    "endDate": null,
    "nationality": {
        "en": "Hong Kong",
        "zh-hant": "香港"
    }
}