{
    "id": 15,
    "publicAccess": true,
    "name": {
        "en": "Amateur Architecture Studio",
        "zh-hant": "業餘建築工作室"
    },
    "alphaSortName": {
        "en": "Amateur Architecture Studio",
        "zh-hant": "業餘建築工作室"
    },
    "type": "Organization",
    "roles": [
        "Architectural Firm",
        "建築師事務所"
    ],
    "displayBio": {
        "en": "established Hangzhou, 1997",
        "zh-hant": "1997年成立於杭州"
    },
    "gender": {
        "en": "Not Applicable",
        "zh-hant": "不適用"
    },
    "beginDate": 1997,
    "endDate": null,
    "nationality": {
        "en": "Chinese",
        "zh-hant": "中國籍"
    }
}