{
    "id": 18,
    "publicAccess": true,
    "name": {
        "en": "Thomson Press Hong Kong",
        "zh-hant": "Thomson Press Hong Kong"
    },
    "alphaSortName": {
        "en": "Thomson Press Hong Kong",
        "zh-hant": "Thomson Press Hong Kong"
    },
    "type": "Organization",
    "roles": [
        "Publisher",
        "出版社"
    ],
    "displayBio": {
        "en": "established Hong Kong, 1972",
        "zh-hant": "established Hong Kong, 1972"
    },
    "gender": {
        "en": "Not Applicable",
        "zh-hant": "不適用"
    },
    "beginDate": 1972,
    "endDate": null,
    "nationality": {
        "en": "Hong Kong",
        "zh-hant": "香港"
    }
}