{
    "id": 17,
    "publicAccess": true,
    "name": {
        "en": "Stanley Wong",
        "zh-hant": "黃炳培"
    },
    "alphaSortName": {
        "en": "Wong, Stanley",
        "zh-hant": "黃炳培"
    },
    "type": "Individual",
    "roles": [
        "Artist",
        "藝術家",
        "Designer",
        "設計師",
        "Art Director",
        "藝術總監"
    ],
    "displayBio": {
        "en": "Hong Kong, born 1960",
        "zh-hant": "香港，生於1960年"
    },
    "gender": {
        "en": "Male",
        "zh-hant": "男性"
    },
    "beginDate": 1960,
    "endDate": null,
    "nationality": {
        "en": "Hong Kong",
        "zh-hant": "香港"
    }
}