{
    "id": 19,
    "publicAccess": true,
    "name": {
        "en": "Atelier FCJZ",
        "zh-hant": "非常建築"
    },
    "alphaSortName": {
        "en": "Atelier FCJZ",
        "zh-hant": "非常建築"
    },
    "type": "Organization",
    "roles": [
        "Architectural Firm",
        "建築師事務所"
    ],
    "displayBio": {
        "en": "established Houston, 1993; now based in Beijing and Shanghai",
        "zh-hant": "1993年成立於侯斯頓，現設於北京及上海"
    },
    "gender": {
        "en": "Not Applicable",
        "zh-hant": "不適用"
    },
    "beginDate": 1993,
    "endDate": null,
    "nationality": {
        "en": null,
        "zh-hant": null
    }
}