{
    "id": 24,
    "publicAccess": true,
    "name": {
        "en": "Trend Publishing (H.K.) Limited",
        "zh-hant": "合時出版(香港)有限公司"
    },
    "alphaSortName": {
        "en": "Trend Publishing (H.K.) Limited",
        "zh-hant": "合時出版(香港)有限公司"
    },
    "type": "Organization",
    "roles": [
        "Publisher",
        "出版社"
    ],
    "displayBio": {
        "en": "established Hong Kong, 1976–2002",
        "zh-hant": "成立於香港，1976–2002年"
    },
    "gender": {
        "en": "Not Applicable",
        "zh-hant": "不適用"
    },
    "beginDate": 1976,
    "endDate": 2002,
    "nationality": {
        "en": "Hong Kong",
        "zh-hant": "香港"
    }
}