{
    "id": 26,
    "publicAccess": true,
    "name": {
        "en": "Champion International Corporation",
        "zh-hant": "啟鵬國際企業"
    },
    "alphaSortName": {
        "en": "Champion International Corporation",
        "zh-hant": "啟鵬國際企業"
    },
    "type": "Organization",
    "roles": [
        "Publisher",
        "出版社"
    ],
    "displayBio": {
        "en": "established Hamilton, Ohio, 1893–2000",
        "zh-hant": "1893–2000，成立於俄亥俄州漢密爾頓市"
    },
    "gender": {
        "en": "Not Applicable",
        "zh-hant": "不適用"
    },
    "beginDate": 1893,
    "endDate": 2000,
    "nationality": {
        "en": "American",
        "zh-hant": "美國籍"
    }
}