{
    "id": 20,
    "publicAccess": true,
    "name": {
        "en": "Ay-O",
        "zh-hant": "靉嘔"
    },
    "alphaSortName": {
        "en": "Ay-O",
        "zh-hant": "靉嘔"
    },
    "type": "Individual",
    "roles": [
        "Artist",
        "藝術家"
    ],
    "displayBio": {
        "en": "Japanese, born 1931",
        "zh-hant": "日本籍，生於1931年"
    },
    "gender": {
        "en": "Male",
        "zh-hant": "男性"
    },
    "beginDate": 1931,
    "endDate": null,
    "nationality": {
        "en": "Japanese",
        "zh-hant": "日本籍"
    }
}