{
    "id": 27,
    "publicAccess": true,
    "name": {
        "en": "Chung Wah Nan Architects",
        "zh-hant": "鍾華楠建築設計事務所（鍾華楠建築師有限公司）"
    },
    "alphaSortName": {
        "en": "Chung Wah Nan Architects",
        "zh-hant": "鍾華楠建築設計事務所（鍾華楠建築師有限公司）"
    },
    "type": "Organization",
    "roles": [
        "Architectural Firm",
        "建築師事務所",
        "Archive Creator",
        "建檔者"
    ],
    "displayBio": {
        "en": "established Hong Kong, 1964",
        "zh-hant": "1964年成立於香港"
    },
    "gender": {
        "en": "Not Applicable",
        "zh-hant": "不適用"
    },
    "beginDate": 1964,
    "endDate": null,
    "nationality": {
        "en": "Hong Kong",
        "zh-hant": "香港"
    }
}