{
    "id": 29,
    "publicAccess": true,
    "name": {
        "en": "Revital Cohen & Tuur Van Balen",
        "zh-hant": "利維塔·科恩和圖爾·范巴倫"
    },
    "alphaSortName": {
        "en": "Revital Cohen & Tuur Van Balen",
        "zh-hant": "利維塔·科恩和圖爾·范巴倫"
    },
    "type": "Organization",
    "roles": [
        "Designer",
        "設計師",
        "Artist",
        "藝術家"
    ],
    "displayBio": {
        "en": "established London, 2007",
        "zh-hant": "成立於倫敦"
    },
    "gender": {
        "en": "Not Applicable",
        "zh-hant": "不適用"
    },
    "beginDate": 2007,
    "endDate": null,
    "nationality": {
        "en": "British",
        "zh-hant": "英國籍"
    }
}