{
    "id": 33,
    "publicAccess": true,
    "name": {
        "en": "EDGE Design Institute",
        "zh-hant": "邊城設計有限公司"
    },
    "alphaSortName": {
        "en": "EDGE Design Institute",
        "zh-hant": "邊城設計有限公司"
    },
    "type": "Organization",
    "roles": [
        "Architectural Firm",
        "建築師事務所"
    ],
    "displayBio": {
        "en": "established Hong Kong, 1994",
        "zh-hant": "1994年於香港成立"
    },
    "gender": {
        "en": "Not Applicable",
        "zh-hant": "不適用"
    },
    "beginDate": 1994,
    "endDate": null,
    "nationality": {
        "en": "Hong Kong",
        "zh-hant": "香港"
    }
}