{
    "id": 39,
    "publicAccess": true,
    "name": {
        "en": "Hawke Films (H.K.) Limited",
        "zh-hant": "Hawke Films (H.K.) Limited"
    },
    "alphaSortName": {
        "en": "Hawke Films (H.K.) Limited",
        "zh-hant": "Hawke Films (H.K.) Limited"
    },
    "type": "Organization",
    "roles": [
        "Production Company",
        "製作公司"
    ],
    "displayBio": {
        "en": "established Hong Kong, 1979–1989",
        "zh-hant": "1979–1989年，於香港成立"
    },
    "gender": {
        "en": "Not Applicable",
        "zh-hant": "不適用"
    },
    "beginDate": 1979,
    "endDate": 1989,
    "nationality": {
        "en": "Hong Kong",
        "zh-hant": "香港"
    }
}