{
    "id": 31,
    "publicAccess": true,
    "name": {
        "en": "Dennis Lau & Ng Chun Man Architects & Engineers (HK) Limited",
        "zh-hant": "伍振民建築師事務所(香港)有限公司"
    },
    "alphaSortName": {
        "en": "Dennis Lau & Ng Chun Man Architects & Engineers (HK) Limited",
        "zh-hant": "伍振民建築師事務所(香港)有限公司"
    },
    "type": "Organization",
    "roles": [
        "Architectural Firm",
        "建築師事務所",
        "Archive Creator",
        "建檔者",
        "Publisher",
        "出版社"
    ],
    "displayBio": {
        "en": "established Hong Kong, 1972",
        "zh-hant": "1972年成立於香港"
    },
    "gender": {
        "en": "Not Applicable",
        "zh-hant": "不適用"
    },
    "beginDate": 1972,
    "endDate": null,
    "nationality": {
        "en": "Hong Kong",
        "zh-hant": "香港"
    }
}