{
    "id": 37,
    "publicAccess": true,
    "name": {
        "en": "Front",
        "zh-hant": "Front"
    },
    "alphaSortName": {
        "en": "Front",
        "zh-hant": "Front"
    },
    "type": "Organization",
    "roles": [
        "Design Firm",
        "設計師事務所"
    ],
    "displayBio": {
        "en": "established Stockholm, 2003",
        "zh-hant": "2003年成立於斯德哥爾摩"
    },
    "gender": {
        "en": "Not Applicable",
        "zh-hant": "不適用"
    },
    "beginDate": 2003,
    "endDate": null,
    "nationality": {
        "en": "Swiss",
        "zh-hant": "瑞士籍"
    }
}