{
    "id": 35,
    "publicAccess": true,
    "name": {
        "en": "Far East Advertising Agency Ltd.",
        "zh-hant": "遠東廣告有限公司"
    },
    "alphaSortName": {
        "en": "Far East Advertising Agency Ltd.",
        "zh-hant": "遠東廣告有限公司"
    },
    "type": "Organization",
    "roles": [
        "Design Firm",
        "設計師事務所"
    ],
    "displayBio": {
        "en": "established Hong Kong, 20th century",
        "zh-hant": "於香港成立"
    },
    "gender": {
        "en": "Not Applicable",
        "zh-hant": "不適用"
    },
    "beginDate": 1930,
    "endDate": null,
    "nationality": {
        "en": "Hong Kong",
        "zh-hant": "香港"
    }
}