{
    "id": 34,
    "publicAccess": true,
    "name": {
        "en": "EOQ",
        "zh-hant": "EOQ"
    },
    "alphaSortName": {
        "en": "EOQ",
        "zh-hant": "EOQ"
    },
    "type": "Organization",
    "roles": [
        "Manufacturer",
        "製造商",
        "Design Firm",
        "設計師事務所"
    ],
    "displayBio": {
        "en": "Hong Kong, established 2012",
        "zh-hant": "2012年成立於香港"
    },
    "gender": {
        "en": "Not Applicable",
        "zh-hant": "不適用"
    },
    "beginDate": 2012,
    "endDate": null,
    "nationality": {
        "en": "Hong Kong",
        "zh-hant": "香港"
    }
}