{
    "id": 36,
    "publicAccess": true,
    "name": {
        "en": "Frog King Kwok",
        "zh-hant": "郭孟浩（蛙王郭）"
    },
    "alphaSortName": {
        "en": "Kwok, Mang-ho",
        "zh-hant": "郭孟浩"
    },
    "type": "Individual",
    "roles": [
        "Artist",
        "藝術家"
    ],
    "displayBio": {
        "en": "Hong Kong, born China, 1947",
        "zh-hant": "香港，1947年生於中國"
    },
    "gender": {
        "en": "Male",
        "zh-hant": "男性"
    },
    "beginDate": 1947,
    "endDate": null,
    "nationality": {
        "en": "Hong Kong",
        "zh-hant": "香港"
    }
}