{
    "id": 49,
    "publicAccess": true,
    "name": {
        "en": "MAP Office",
        "zh-hant": "MAP Office"
    },
    "alphaSortName": {
        "en": "MAP Office",
        "zh-hant": "MAP Office"
    },
    "type": "Artist Collaborative",
    "roles": [
        "Architectural Firm",
        "建築師事務所",
        "Artist",
        "藝術家"
    ],
    "displayBio": {
        "en": "established Hong Kong, 1996",
        "zh-hant": "1996年成立於香港"
    },
    "gender": {
        "en": "Not Applicable",
        "zh-hant": "不適用"
    },
    "beginDate": 1996,
    "endDate": null,
    "nationality": {
        "en": "Hong Kong",
        "zh-hant": "香港"
    }
}