{
    "id": 48,
    "publicAccess": true,
    "name": {
        "en": "MAD Architects",
        "zh-hant": "MAD建築事務所"
    },
    "alphaSortName": {
        "en": "MAD Architects",
        "zh-hant": "MAD建築事務所"
    },
    "type": "Organization",
    "roles": [
        "Architectural Firm",
        "建築師事務所",
        "Architect",
        "建築師",
        "Archive Creator",
        "建檔者"
    ],
    "displayBio": {
        "en": "established Beijing, 2004",
        "zh-hant": "2004年成立於北京"
    },
    "gender": {
        "en": "Not Applicable",
        "zh-hant": "不適用"
    },
    "beginDate": 2004,
    "endDate": null,
    "nationality": {
        "en": "Chinese",
        "zh-hant": "中國籍"
    }
}