{
    "id": 40,
    "publicAccess": true,
    "name": {
        "en": "Herzog & de Meuron",
        "zh-hant": "赫爾佐克和德默隆建築事務所"
    },
    "alphaSortName": {
        "en": "Herzog & de Meuron",
        "zh-hant": "赫爾佐克和德默隆建築事務所"
    },
    "type": "Organization",
    "roles": [
        "Architectural Firm",
        "建築師事務所"
    ],
    "displayBio": {
        "en": "established Basel, 1978",
        "zh-hant": "1978年成立於巴塞爾"
    },
    "gender": {
        "en": "Not Applicable",
        "zh-hant": "不適用"
    },
    "beginDate": 1978,
    "endDate": null,
    "nationality": {
        "en": "Swiss",
        "zh-hant": "瑞士籍"
    }
}