{
    "id": 44,
    "publicAccess": true,
    "name": {
        "en": "Tsang Tsou-choi (a.k.a. King of Kowloon)",
        "zh-hant": "曾灶財（又名「九龍皇帝」）"
    },
    "alphaSortName": {
        "en": "Tsang, Tsou-choi",
        "zh-hant": "曾, 灶財"
    },
    "type": "Individual",
    "roles": [
        "Artist",
        "藝術家",
        "Subject",
        "作品主體"
    ],
    "displayBio": {
        "en": "Hong Kong, born China, 1921–2007",
        "zh-hant": "香港，生於中國，1921–2007年"
    },
    "gender": {
        "en": "Male",
        "zh-hant": "男性"
    },
    "beginDate": 1921,
    "endDate": 2007,
    "nationality": {
        "en": "Hong Kong",
        "zh-hant": "香港"
    }
}