{
    "id": 47,
    "publicAccess": true,
    "name": {
        "en": "Libreria Borges",
        "zh-hant": "博爾赫斯書店"
    },
    "alphaSortName": {
        "en": "Libreria Borges",
        "zh-hant": "博爾赫斯書店"
    },
    "type": "Organization",
    "roles": [
        "Artist",
        "藝術家"
    ],
    "displayBio": {
        "en": "established Guangzhou, 1994",
        "zh-hant": "1994年成立於廣州"
    },
    "gender": {
        "en": "Not Applicable",
        "zh-hant": "不適用"
    },
    "beginDate": 1994,
    "endDate": null,
    "nationality": {
        "en": "Chinese",
        "zh-hant": "中國籍"
    }
}