{
    "id": 56,
    "publicAccess": true,
    "name": {
        "en": "PINWU",
        "zh-hant": "品物流形"
    },
    "alphaSortName": {
        "en": "PINWU",
        "zh-hant": "品物流形"
    },
    "type": "Organization",
    "roles": [
        "Designer",
        "設計師",
        "Manufacturer",
        "製造商"
    ],
    "displayBio": {
        "en": "established Hangzhou, 2010",
        "zh-hant": "2010年成立於杭州"
    },
    "gender": {
        "en": "Not Applicable",
        "zh-hant": "不適用"
    },
    "beginDate": 2010,
    "endDate": null,
    "nationality": {
        "en": "Chinese",
        "zh-hant": "中國籍"
    }
}