{
    "id": 54,
    "publicAccess": true,
    "name": {
        "en": "Palmer & Turner (P&T Group)",
        "zh-hant": "巴馬丹拿集團"
    },
    "alphaSortName": {
        "en": "Palmer & Turner (P&T Group)",
        "zh-hant": "巴馬丹拿集團"
    },
    "type": "Organization",
    "roles": [
        "Architectural Firm",
        "建築師事務所",
        "Archive Creator",
        "建檔者"
    ],
    "displayBio": {
        "en": "established Hong Kong, 1868",
        "zh-hant": "1868年成立於香港"
    },
    "gender": {
        "en": "Not Applicable",
        "zh-hant": "不適用"
    },
    "beginDate": 1868,
    "endDate": null,
    "nationality": {
        "en": "Hong Kong",
        "zh-hant": "香港"
    }
}