{
    "id": 50,
    "publicAccess": true,
    "name": {
        "en": "Mei Foo Investments Limited (Broadway-Nassau Investments Limited)",
        "zh-hant": "美孚企業有限公司（滙秀企業有限公司）"
    },
    "alphaSortName": {
        "en": "Mei Foo Investments Limited (Broadway-Nassau Investments Limited)",
        "zh-hant": "美孚企業有限公司（滙秀企業有限公司）"
    },
    "type": "Organization",
    "roles": [
        "Architectural Firm",
        "建築師事務所",
        "Publisher",
        "出版社"
    ],
    "displayBio": {
        "en": "established Hong Kong, 1965",
        "zh-hant": "1965年成立於香港"
    },
    "gender": {
        "en": "Not Applicable",
        "zh-hant": "不適用"
    },
    "beginDate": 1965,
    "endDate": null,
    "nationality": {
        "en": "Hong Kong",
        "zh-hant": "香港"
    }
}