{
    "id": 55,
    "publicAccess": true,
    "name": {
        "en": "Peng & Chen",
        "zh-hant": "Peng & Chen"
    },
    "alphaSortName": {
        "en": "Peng & Chen",
        "zh-hant": "Peng & Chen"
    },
    "type": "Artist Collaborative",
    "roles": [
        "Artist",
        "藝術家"
    ],
    "displayBio": {
        "en": null,
        "zh-hant": null
    },
    "gender": {
        "en": "Not Applicable",
        "zh-hant": "不適用"
    },
    "beginDate": null,
    "endDate": null,
    "nationality": {
        "en": null,
        "zh-hant": null
    }
}