{
    "id": 59,
    "publicAccess": true,
    "name": {
        "en": "Richie Gelles",
        "zh-hant": "Richie Gelles"
    },
    "alphaSortName": {
        "en": "Gelles, Richie",
        "zh-hant": "Gelles, Richie"
    },
    "type": "Individual",
    "roles": [
        "Filmmaker",
        "導演"
    ],
    "displayBio": {
        "en": "American",
        "zh-hant": "美國籍"
    },
    "gender": {
        "en": "Male",
        "zh-hant": "男性"
    },
    "beginDate": 1983,
    "endDate": null,
    "nationality": {
        "en": "American",
        "zh-hant": "美國籍"
    }
}