{
    "id": 52,
    "publicAccess": true,
    "name": {
        "en": "Office for Metropolitan Architecture",
        "zh-hant": "大都會建築事務所"
    },
    "alphaSortName": {
        "en": "Office for Metropolitan Architecture",
        "zh-hant": "大都會建築事務所"
    },
    "type": "Organization",
    "roles": [
        "Architectural Firm",
        "建築師事務所"
    ],
    "displayBio": {
        "en": "established Rotterdam, 1975",
        "zh-hant": "1975年成立於鹿特丹"
    },
    "gender": {
        "en": "Not Applicable",
        "zh-hant": "不適用"
    },
    "beginDate": 1975,
    "endDate": null,
    "nationality": {
        "en": "Dutch",
        "zh-hant": "荷蘭籍"
    }
}