{
    "id": 51,
    "publicAccess": true,
    "name": {
        "en": "nendo",
        "zh-hant": "nendo"
    },
    "alphaSortName": {
        "en": "nendo",
        "zh-hant": "nendo"
    },
    "type": "Organization",
    "roles": [
        "Design Firm",
        "設計師事務所"
    ],
    "displayBio": {
        "en": "established Tokyo, 2002",
        "zh-hant": "2002年成立於東京"
    },
    "gender": {
        "en": "Not Applicable",
        "zh-hant": "不適用"
    },
    "beginDate": 2002,
    "endDate": null,
    "nationality": {
        "en": "Japanese",
        "zh-hant": "日本籍"
    }
}