{
    "id": 66,
    "publicAccess": true,
    "name": {
        "en": "Sou Fujimoto Architects",
        "zh-hant": "藤本壯介建築設計事務所"
    },
    "alphaSortName": {
        "en": "Sou Fujimoto Architects",
        "zh-hant": "藤本壯介建築設計事務所"
    },
    "type": "Organization",
    "roles": [
        "Architectural Firm",
        "建築師事務所"
    ],
    "displayBio": {
        "en": "established Tokyo, 2000",
        "zh-hant": "2000年成立於東京"
    },
    "gender": {
        "en": "Not Applicable",
        "zh-hant": "不適用"
    },
    "beginDate": 2000,
    "endDate": null,
    "nationality": {
        "en": "Japanese",
        "zh-hant": "日本籍"
    }
}