{
    "id": 69,
    "publicAccess": true,
    "name": {
        "en": "Steven Holl Architects",
        "zh-hant": "斯蒂文·霍爾建築事務所"
    },
    "alphaSortName": {
        "en": "Steven Holl Architects",
        "zh-hant": "斯蒂文·霍爾建築事務所"
    },
    "type": "Organization",
    "roles": [
        "Architectural Firm",
        "建築師事務所"
    ],
    "displayBio": {
        "en": "established New York, 1976",
        "zh-hant": "1976年成立於紐約"
    },
    "gender": {
        "en": "Not Applicable",
        "zh-hant": "不適用"
    },
    "beginDate": 1976,
    "endDate": null,
    "nationality": {
        "en": "American",
        "zh-hant": "美國籍"
    }
}