{
    "id": 60,
    "publicAccess": true,
    "name": {
        "en": "Rocco Design (now Rocco Design Architects)",
        "zh-hant": "許李嚴建築師事務有限公司 (現為嚴迅奇建築師事務所有限公司)"
    },
    "alphaSortName": {
        "en": "Rocco Design (now Rocco Design Architects)",
        "zh-hant": "許李嚴建築師事務有限公司 (現為嚴迅奇建築師事務所有限公司)"
    },
    "type": "Organization",
    "roles": [
        "Architectural Firm",
        "建築師事務所"
    ],
    "displayBio": {
        "en": "established Hong Kong, 1982",
        "zh-hant": "1982年成立於香港"
    },
    "gender": {
        "en": "Not Applicable",
        "zh-hant": "不適用"
    },
    "beginDate": 1982,
    "endDate": null,
    "nationality": {
        "en": "Hong Kong",
        "zh-hant": "香港"
    }
}