{
    "id": 63,
    "publicAccess": true,
    "name": {
        "en": "Simon Kwan & Associates",
        "zh-hant": "關善明建築師事務所"
    },
    "alphaSortName": {
        "en": "Simon Kwan & Associates",
        "zh-hant": "關善明建築師事務所"
    },
    "type": "Organization",
    "roles": [
        "Architectural Firm",
        "建築師事務所",
        "Archive Creator",
        "建檔者"
    ],
    "displayBio": {
        "en": "established Hong Kong, 1973",
        "zh-hant": "1973年成立於香港"
    },
    "gender": {
        "en": "Not Applicable",
        "zh-hant": "不適用"
    },
    "beginDate": 1973,
    "endDate": null,
    "nationality": {
        "en": "Hong Kong",
        "zh-hant": "香港"
    }
}