{
    "id": 68,
    "publicAccess": true,
    "name": {
        "en": "Star Industrial Co., Ltd.",
        "zh-hant": "星光實業有限公司"
    },
    "alphaSortName": {
        "en": "Star Industrial Co., Ltd.",
        "zh-hant": "星光實業有限公司"
    },
    "type": "Organization",
    "roles": [
        "Manufacturer",
        "製造商"
    ],
    "displayBio": {
        "en": "established Hong Kong, 1949",
        "zh-hant": "1949年成立於香港"
    },
    "gender": {
        "en": "Not Applicable",
        "zh-hant": "不適用"
    },
    "beginDate": 1949,
    "endDate": null,
    "nationality": {
        "en": "Hong Kong",
        "zh-hant": "香港"
    }
}