{
    "id": 62,
    "publicAccess": true,
    "name": {
        "en": "Shigeru Ban Architects",
        "zh-hant": "坂茂建築設計"
    },
    "alphaSortName": {
        "en": "Shigeru Ban Architects",
        "zh-hant": "坂茂建築設計"
    },
    "type": "Organization",
    "roles": [
        "Architectural Firm",
        "建築師事務所"
    ],
    "displayBio": {
        "en": "established Tokyo, 1985",
        "zh-hant": "1985年於東京成立"
    },
    "gender": {
        "en": "Not Applicable",
        "zh-hant": "不適用"
    },
    "beginDate": 1985,
    "endDate": null,
    "nationality": {
        "en": "Japanese",
        "zh-hant": "日本籍"
    }
}