{
    "id": 70,
    "publicAccess": true,
    "name": {
        "en": "Studio Zhu-Pei",
        "zh-hant": "朱錇建築設計事務所"
    },
    "alphaSortName": {
        "en": "Studio Zhu-Pei",
        "zh-hant": "朱錇建築設計事務所"
    },
    "type": "Organization",
    "roles": [
        "Architectural Firm",
        "建築師事務所",
        "Archive Creator",
        "建檔者"
    ],
    "displayBio": {
        "en": "established Beijing, 2005",
        "zh-hant": "2005年成立於北京"
    },
    "gender": {
        "en": "Not Applicable",
        "zh-hant": "不適用"
    },
    "beginDate": 2005,
    "endDate": null,
    "nationality": {
        "en": "Chinese",
        "zh-hant": "中國籍"
    }
}