{
    "id": 74,
    "publicAccess": true,
    "name": {
        "en": "Taoho Design",
        "zh-hant": "何弢設計"
    },
    "alphaSortName": {
        "en": "Taoho Design",
        "zh-hant": "何弢設計"
    },
    "type": "Organization",
    "roles": [
        "Architectural Firm",
        "建築師事務所"
    ],
    "displayBio": {
        "en": "established Hong Kong, 1968",
        "zh-hant": "1968年成立於香港"
    },
    "gender": {
        "en": "Not Applicable",
        "zh-hant": "不適用"
    },
    "beginDate": 1968,
    "endDate": null,
    "nationality": {
        "en": "Hong Kong",
        "zh-hant": "香港"
    }
}