{
    "id": 72,
    "publicAccess": true,
    "name": {
        "en": "Swire Properties Limited",
        "zh-hant": "太古地產有限公司"
    },
    "alphaSortName": {
        "en": "Swire Properties Limited",
        "zh-hant": "太古地產有限公司"
    },
    "type": "Organization",
    "roles": [
        "Publisher",
        "出版社"
    ],
    "displayBio": {
        "en": "established Hong Kong, 1972",
        "zh-hant": "1972年於香港成立"
    },
    "gender": {
        "en": "Not Applicable",
        "zh-hant": "不適用"
    },
    "beginDate": 1972,
    "endDate": null,
    "nationality": {
        "en": "Hong Kong",
        "zh-hant": "香港"
    }
}