{
    "id": 78,
    "publicAccess": true,
    "name": {
        "en": "Troika",
        "zh-hant": "Troika"
    },
    "alphaSortName": {
        "en": "Troika",
        "zh-hant": "Troika"
    },
    "type": "Organization",
    "roles": [
        "Artist",
        "藝術家"
    ],
    "displayBio": {
        "en": "established London, 2003",
        "zh-hant": "2003年成立於倫敦"
    },
    "gender": {
        "en": "Not Applicable",
        "zh-hant": "不適用"
    },
    "beginDate": 2003,
    "endDate": null,
    "nationality": {
        "en": "British",
        "zh-hant": "英國籍"
    }
}