{
    "id": 80,
    "publicAccess": true,
    "name": {
        "en": "URBANUS",
        "zh-hant": "都市實踐"
    },
    "alphaSortName": {
        "en": "URBANUS",
        "zh-hant": "都市實踐"
    },
    "type": "Organization",
    "roles": [
        "Architectural Firm",
        "建築師事務所",
        "Designer",
        "設計師",
        "Archive Creator",
        "建檔者"
    ],
    "displayBio": {
        "en": "established Shenzhen, 1999",
        "zh-hant": "1999年成立於深圳"
    },
    "gender": {
        "en": "Not Applicable",
        "zh-hant": "不適用"
    },
    "beginDate": 1999,
    "endDate": null,
    "nationality": {
        "en": "Chinese",
        "zh-hant": "中國籍"
    }
}