{
    "id": 82,
    "publicAccess": true,
    "name": {
        "en": "Vitamin Creative Space",
        "zh-hant": "維他命藝術空間"
    },
    "alphaSortName": {
        "en": "Vitamin Creative Space",
        "zh-hant": "維他命藝術空間"
    },
    "type": "Organization",
    "roles": [
        "Artist",
        "藝術家",
        "Organiser",
        "主辦方",
        "Publisher",
        "出版社"
    ],
    "displayBio": {
        "en": "established Guangzhou, 2002",
        "zh-hant": "2002年成立於廣州"
    },
    "gender": {
        "en": "Not Applicable",
        "zh-hant": "不適用"
    },
    "beginDate": 2002,
    "endDate": null,
    "nationality": {
        "en": "Chinese",
        "zh-hant": "中國籍"
    }
}