{
    "id": 95,
    "publicAccess": true,
    "name": {
        "en": "Bian Xiaodong",
        "zh-hant": "卞曉東"
    },
    "alphaSortName": {
        "en": "Xiaodong, Bian",
        "zh-hant": "卞曉東"
    },
    "type": "Individual",
    "roles": [
        "Artist",
        "藝術家"
    ],
    "displayBio": {
        "en": "Chinese, born 1987",
        "zh-hant": "中國籍，生於1987年"
    },
    "gender": {
        "en": "Male",
        "zh-hant": "男性"
    },
    "beginDate": 1987,
    "endDate": null,
    "nationality": {
        "en": "Chinese",
        "zh-hant": "中國籍"
    }
}