{
    "id": 98,
    "publicAccess": true,
    "name": {
        "en": "An Ge",
        "zh-hant": "安哥"
    },
    "alphaSortName": {
        "en": "An, Ge",
        "zh-hant": "安, 哥"
    },
    "type": "Individual",
    "roles": [
        "Artist",
        "藝術家"
    ],
    "displayBio": {
        "en": "Chinese, born 1947",
        "zh-hant": "中國籍，生於1947年"
    },
    "gender": {
        "en": "Male",
        "zh-hant": "男性"
    },
    "beginDate": 1947,
    "endDate": null,
    "nationality": {
        "en": "Chinese",
        "zh-hant": "中國籍"
    }
}