{
    "id": 96,
    "publicAccess": true,
    "name": {
        "en": "Yangjiang Group",
        "zh-hant": "陽江組"
    },
    "alphaSortName": {
        "en": "Yangjiang Group",
        "zh-hant": "陽江組"
    },
    "type": "Artist Collaborative",
    "roles": [
        "Artist",
        "藝術家"
    ],
    "displayBio": {
        "en": "established Yangjiang, 2002",
        "zh-hant": "2002年成立於陽江"
    },
    "gender": {
        "en": "Not Applicable",
        "zh-hant": "不適用"
    },
    "beginDate": 2002,
    "endDate": null,
    "nationality": {
        "en": "Chinese",
        "zh-hant": "中國籍"
    }
}