{
    "id": 97,
    "publicAccess": true,
    "name": {
        "en": "Ai Weiwei",
        "zh-hant": "艾未未"
    },
    "alphaSortName": {
        "en": "Ai Wei Wei",
        "zh-hant": "艾, 未未"
    },
    "type": "Individual",
    "roles": [
        "Architect",
        "建築師",
        "Artist",
        "藝術家"
    ],
    "displayBio": {
        "en": "Chinese, born 1957",
        "zh-hant": "中國籍，生於1957年"
    },
    "gender": {
        "en": "Male",
        "zh-hant": "男性"
    },
    "beginDate": 1957,
    "endDate": null,
    "nationality": {
        "en": "Chinese",
        "zh-hant": "中國籍"
    }
}