{
    "id": 92,
    "publicAccess": true,
    "name": {
        "en": "Wong Tung & Partners Limited",
        "zh-hant": "王董建築師事務有限公司"
    },
    "alphaSortName": {
        "en": "Wong Tung & Partners Limited",
        "zh-hant": "王董建築師事務有限公司"
    },
    "type": "Organization",
    "roles": [
        "Architectural Firm",
        "建築師事務所",
        "Archive Creator",
        "建檔者"
    ],
    "displayBio": {
        "en": "established Hong Kong, 1963",
        "zh-hant": "1963年成立於香港"
    },
    "gender": {
        "en": "Not Applicable",
        "zh-hant": "不適用"
    },
    "beginDate": 1963,
    "endDate": null,
    "nationality": {
        "en": "Hong Kong",
        "zh-hant": "香港"
    }
}