{
    "id": 101,
    "publicAccess": true,
    "name": {
        "en": "Au Hoi Lam",
        "zh-hant": "區凱琳"
    },
    "alphaSortName": {
        "en": "Au, Hoi Lam",
        "zh-hant": "區凱琳"
    },
    "type": "Individual",
    "roles": [
        "Artist",
        "藝術家"
    ],
    "displayBio": {
        "en": "Hong Kong, born 1978",
        "zh-hant": "香港，生於1978年"
    },
    "gender": {
        "en": "Female",
        "zh-hant": "女性"
    },
    "beginDate": 1978,
    "endDate": null,
    "nationality": {
        "en": "Hong Kong",
        "zh-hant": "香港"
    }
}