{
    "id": 102,
    "publicAccess": true,
    "name": {
        "en": "Iwan Baan",
        "zh-hant": "伊萬·巴恩"
    },
    "alphaSortName": {
        "en": "Baan, Iwan",
        "zh-hant": "伊萬·巴恩"
    },
    "type": "Individual",
    "roles": [
        "Artist",
        "藝術家",
        "Photographer",
        "攝影師"
    ],
    "displayBio": {
        "en": "Dutch, born 1975",
        "zh-hant": "荷蘭籍，生於1975年"
    },
    "gender": {
        "en": "Male",
        "zh-hant": "男性"
    },
    "beginDate": 1975,
    "endDate": null,
    "nationality": {
        "en": "Dutch",
        "zh-hant": "荷蘭籍"
    }
}