{
    "id": 108,
    "publicAccess": true,
    "name": {
        "en": "Cai Shangxiong",
        "zh-hant": "蔡尚雄"
    },
    "alphaSortName": {
        "en": "Cai, Shangxiong",
        "zh-hant": "蔡, 尚雄"
    },
    "type": "Individual",
    "roles": [
        "Artist",
        "藝術家"
    ],
    "displayBio": {
        "en": "Chinese, 1919–2014",
        "zh-hant": "中國籍，1919–2014年"
    },
    "gender": {
        "en": "Male",
        "zh-hant": "男性"
    },
    "beginDate": 1919,
    "endDate": 2014,
    "nationality": {
        "en": "Chinese",
        "zh-hant": "中國籍"
    }
}