{
    "id": 106,
    "publicAccess": true,
    "name": {
        "en": "Candice Breitz",
        "zh-hant": "Candice Breitz"
    },
    "alphaSortName": {
        "en": "Breitz, Candice",
        "zh-hant": "Breitz, Candice"
    },
    "type": "Individual",
    "roles": [
        "Artist",
        "藝術家"
    ],
    "displayBio": {
        "en": "South African, born 1972",
        "zh-hant": "南非籍，生於1972年"
    },
    "gender": {
        "en": "Female",
        "zh-hant": "女性"
    },
    "beginDate": 1972,
    "endDate": null,
    "nationality": {
        "en": "South African",
        "zh-hant": "南非籍"
    }
}