{
    "id": 104,
    "publicAccess": true,
    "name": {
        "en": "BCXSY",
        "zh-hant": "BCXSY"
    },
    "alphaSortName": {
        "en": "BCXSY",
        "zh-hant": "BCXSY"
    },
    "type": "Organization",
    "roles": [
        "Design Firm",
        "設計師事務所"
    ],
    "displayBio": {
        "en": "established 2007",
        "zh-hant": "2007年於燕豪芬成立"
    },
    "gender": {
        "en": "Not Applicable",
        "zh-hant": "不適用"
    },
    "beginDate": 2007,
    "endDate": null,
    "nationality": {
        "en": null,
        "zh-hant": null
    }
}