{
    "id": 107,
    "publicAccess": true,
    "name": {
        "en": "Cai Jin",
        "zh-hant": "蔡錦"
    },
    "alphaSortName": {
        "en": "Cai, Jin",
        "zh-hant": "蔡, 錦"
    },
    "type": "Individual",
    "roles": [
        "Artist",
        "藝術家"
    ],
    "displayBio": {
        "en": "Chinese, born 1965",
        "zh-hant": "中國籍，生於1965年"
    },
    "gender": {
        "en": "Female",
        "zh-hant": "女性"
    },
    "beginDate": 1965,
    "endDate": null,
    "nationality": {
        "en": "Chinese",
        "zh-hant": "中國籍"
    }
}