{
    "id": 100,
    "publicAccess": true,
    "name": {
        "en": "Ron Arad",
        "zh-hant": "羅恩·阿拉德"
    },
    "alphaSortName": {
        "en": "Arad, Ron",
        "zh-hant": "羅恩·阿拉德"
    },
    "type": "Individual",
    "roles": [
        "Designer",
        "設計師"
    ],
    "displayBio": {
        "en": "British, born Israel, 1951",
        "zh-hant": "英國籍，1951年生於以色列"
    },
    "gender": {
        "en": "Male",
        "zh-hant": "男性"
    },
    "beginDate": 1951,
    "endDate": null,
    "nationality": {
        "en": "Israeli",
        "zh-hant": "以色列籍"
    }
}