{
    "id": 118,
    "publicAccess": true,
    "name": {
        "en": "Patty Chang",
        "zh-hant": "張怡"
    },
    "alphaSortName": {
        "en": "Chang, Patty",
        "zh-hant": "張, 怡"
    },
    "type": "Individual",
    "roles": [
        "Artist",
        "藝術家"
    ],
    "displayBio": {
        "en": "American, born 1972",
        "zh-hant": "美國籍，生於1972年"
    },
    "gender": {
        "en": "Female",
        "zh-hant": "女性"
    },
    "beginDate": 1972,
    "endDate": null,
    "nationality": {
        "en": "American",
        "zh-hant": "美國籍"
    }
}