{
    "id": 116,
    "publicAccess": true,
    "name": {
        "en": "Gaylord Chan",
        "zh-hant": "陳餘生"
    },
    "alphaSortName": {
        "en": "Chan, Gaylord",
        "zh-hant": "陳餘生"
    },
    "type": "Individual",
    "roles": [
        "Artist",
        "藝術家"
    ],
    "displayBio": {
        "en": "Hong Kong, 1925–2020",
        "zh-hant": "香港，1925–2020年"
    },
    "gender": {
        "en": "Male",
        "zh-hant": "男性"
    },
    "beginDate": 1925,
    "endDate": 2020,
    "nationality": {
        "en": "Hong Kong",
        "zh-hant": "香港"
    }
}