{
    "id": 114,
    "publicAccess": true,
    "name": {
        "en": "Henri Cartier-Bresson",
        "zh-hant": "亨利·卡蒂埃-布列松"
    },
    "alphaSortName": {
        "en": "Cartier-Bresson, Henri",
        "zh-hant": "亨利·卡蒂埃-布列松"
    },
    "type": "Individual",
    "roles": [
        "Artist",
        "藝術家"
    ],
    "displayBio": {
        "en": "French, 1908–2004",
        "zh-hant": "法國籍，1908–2004年"
    },
    "gender": {
        "en": "Male",
        "zh-hant": "男性"
    },
    "beginDate": 1908,
    "endDate": 2004,
    "nationality": {
        "en": "French",
        "zh-hant": "法國籍"
    }
}