{
    "id": 110,
    "publicAccess": true,
    "name": {
        "en": "Cao Fei",
        "zh-hant": "曹斐"
    },
    "alphaSortName": {
        "en": "Cao, Fei",
        "zh-hant": "曹, 斐"
    },
    "type": "Individual",
    "roles": [
        "Artist",
        "藝術家"
    ],
    "displayBio": {
        "en": "Chinese, born 1978",
        "zh-hant": "中國籍，生於1978年"
    },
    "gender": {
        "en": "Female",
        "zh-hant": "女性"
    },
    "beginDate": 1978,
    "endDate": null,
    "nationality": {
        "en": "Chinese",
        "zh-hant": "中國籍"
    }
}