{
    "id": 117,
    "publicAccess": true,
    "name": {
        "en": "Gary Chang",
        "zh-hant": "張智強"
    },
    "alphaSortName": {
        "en": "Chang, Gary",
        "zh-hant": "張智強"
    },
    "type": "Individual",
    "roles": [
        "Designer",
        "設計師",
        "Architect",
        "建築師"
    ],
    "displayBio": {
        "en": "Hong Kong, born 1962",
        "zh-hant": "香港，生於1962年"
    },
    "gender": {
        "en": "Male",
        "zh-hant": "男性"
    },
    "beginDate": 1962,
    "endDate": null,
    "nationality": {
        "en": "Hong Kong",
        "zh-hant": "香港"
    }
}