{
    "id": 124,
    "publicAccess": true,
    "name": {
        "en": "Chen Chieh-Jen",
        "zh-hant": "陳界仁"
    },
    "alphaSortName": {
        "en": "Chen, Chieh-Jen",
        "zh-hant": "陳, 界仁"
    },
    "type": "Individual",
    "roles": [
        "Artist",
        "藝術家"
    ],
    "displayBio": {
        "en": "Taiwanese, born 1960",
        "zh-hant": "台灣籍，生於1960年"
    },
    "gender": {
        "en": "Male",
        "zh-hant": "男性"
    },
    "beginDate": 1960,
    "endDate": null,
    "nationality": {
        "en": "Taiwanese",
        "zh-hant": "台灣籍"
    }
}