{
    "id": 121,
    "publicAccess": true,
    "name": {
        "en": "Yung Ho Chang",
        "zh-hant": "張永和"
    },
    "alphaSortName": {
        "en": "Chang, Yung Ho",
        "zh-hant": "張永和"
    },
    "type": "Individual",
    "roles": [
        "Designer",
        "設計師",
        "Architect",
        "建築師"
    ],
    "displayBio": {
        "en": "Chinese, born 1956",
        "zh-hant": "中國籍，生於1956年"
    },
    "gender": {
        "en": "Male",
        "zh-hant": "男性"
    },
    "beginDate": 1956,
    "endDate": null,
    "nationality": {
        "en": "Chinese",
        "zh-hant": "中國籍"
    }
}