{
    "id": 125,
    "publicAccess": true,
    "name": {
        "en": "Chen Fei",
        "zh-hant": "陳飛"
    },
    "alphaSortName": {
        "en": "Chen, Fei",
        "zh-hant": "陳, 飛"
    },
    "type": "Individual",
    "roles": [
        "Artist",
        "藝術家"
    ],
    "displayBio": {
        "en": "Chinese, born 1983",
        "zh-hant": "中國籍，生於1983年"
    },
    "gender": {
        "en": "Male",
        "zh-hant": "男性"
    },
    "beginDate": 1983,
    "endDate": null,
    "nationality": {
        "en": "Chinese",
        "zh-hant": "中國籍"
    }
}