{
    "id": 126,
    "publicAccess": true,
    "name": {
        "en": "Tchan Fou-li",
        "zh-hant": "陳復禮"
    },
    "alphaSortName": {
        "en": "Tchan, Fou-li",
        "zh-hant": "陳復禮"
    },
    "type": "Individual",
    "roles": [
        "Artist",
        "藝術家"
    ],
    "displayBio": {
        "en": "Hong Kong, born China. 1916–2018",
        "zh-hant": "香港，生於中國，1916–2018年"
    },
    "gender": {
        "en": "Male",
        "zh-hant": "男性"
    },
    "beginDate": 1916,
    "endDate": 2018,
    "nationality": {
        "en": "Hong Kong",
        "zh-hant": "香港"
    }
}