{
    "id": 137,
    "publicAccess": true,
    "name": {
        "en": "Chen Shaoxiong",
        "zh-hant": "陳劭雄"
    },
    "alphaSortName": {
        "en": "Chen, Shaoxiong",
        "zh-hant": "陳, 劭雄"
    },
    "type": "Individual",
    "roles": [
        "Artist",
        "藝術家"
    ],
    "displayBio": {
        "en": "Chinese, 1962–2016",
        "zh-hant": "中國籍，1962–2016年"
    },
    "gender": {
        "en": "Male",
        "zh-hant": "男性"
    },
    "beginDate": 1962,
    "endDate": 2016,
    "nationality": {
        "en": "Chinese",
        "zh-hant": "中國籍"
    }
}