{
    "id": 136,
    "publicAccess": true,
    "name": {
        "en": "Chen Shaoping",
        "zh-hant": "陳少平"
    },
    "alphaSortName": {
        "en": "Chen, Shaoping",
        "zh-hant": "陳, 少平"
    },
    "type": "Individual",
    "roles": [
        "Artist",
        "藝術家"
    ],
    "displayBio": {
        "en": "Chinese",
        "zh-hant": "Chinese"
    },
    "gender": {
        "en": "Male",
        "zh-hant": "男性"
    },
    "beginDate": null,
    "endDate": null,
    "nationality": {
        "en": "Chinese",
        "zh-hant": "中國籍"
    }
}