{
    "id": 145,
    "publicAccess": true,
    "name": {
        "en": "Chen Yuyu",
        "zh-hant": "陳昱羽"
    },
    "alphaSortName": {
        "en": "Chen, Yuyu",
        "zh-hant": "陳, 昱羽"
    },
    "type": "Individual",
    "roles": [
        "Artist",
        "藝術家"
    ],
    "displayBio": {
        "en": "American, born China, 1987",
        "zh-hant": "美國籍，1987年生於中國"
    },
    "gender": {
        "en": "Female",
        "zh-hant": "女性"
    },
    "beginDate": 1987,
    "endDate": null,
    "nationality": {
        "en": "American",
        "zh-hant": "美國籍"
    }
}