{
    "id": 144,
    "publicAccess": true,
    "name": {
        "en": "Chen Yujun",
        "zh-hant": "陳彧君"
    },
    "alphaSortName": {
        "en": "Chen, Yujun",
        "zh-hant": "陳, 彧君"
    },
    "type": "Individual",
    "roles": [
        "Artist",
        "藝術家"
    ],
    "displayBio": {
        "en": "Chinese, born 1976",
        "zh-hant": "中國籍，生於1976年"
    },
    "gender": {
        "en": "Male",
        "zh-hant": "男性"
    },
    "beginDate": 1976,
    "endDate": null,
    "nationality": {
        "en": "Chinese",
        "zh-hant": "中國籍"
    }
}