{
    "id": 143,
    "publicAccess": true,
    "name": {
        "en": "Chen Yufan",
        "zh-hant": "陳彧凡"
    },
    "alphaSortName": {
        "en": "Chen, Yufan",
        "zh-hant": "陳彧凡"
    },
    "type": "Individual",
    "roles": [
        "Artist",
        "藝術家"
    ],
    "displayBio": {
        "en": "Chinese, born 1973",
        "zh-hant": "中國籍，生於1973年"
    },
    "gender": {
        "en": "Male",
        "zh-hant": "男性"
    },
    "beginDate": 1973,
    "endDate": null,
    "nationality": {
        "en": "Chinese",
        "zh-hant": "中國籍"
    }
}