{
    "id": 150,
    "publicAccess": true,
    "name": {
        "en": "Amy Cheung",
        "zh-hant": "張韻雯"
    },
    "alphaSortName": {
        "en": "Cheung, Amy",
        "zh-hant": "張韻雯"
    },
    "type": "Individual",
    "roles": [
        "Artist",
        "藝術家"
    ],
    "displayBio": {
        "en": "Hong Kong",
        "zh-hant": "香港"
    },
    "gender": {
        "en": "Female",
        "zh-hant": "女性"
    },
    "beginDate": null,
    "endDate": null,
    "nationality": {
        "en": "Hong Kong",
        "zh-hant": "香港"
    }
}