{
    "id": 151,
    "publicAccess": true,
    "name": {
        "en": "Chi Lei",
        "zh-hant": "池磊"
    },
    "alphaSortName": {
        "en": "Chi, Lei",
        "zh-hant": "池, 磊"
    },
    "type": "Individual",
    "roles": [
        "Artist",
        "藝術家"
    ],
    "displayBio": {
        "en": "Chinese, born 1981",
        "zh-hant": "中國籍，生於1981年"
    },
    "gender": {
        "en": "Male",
        "zh-hant": "男性"
    },
    "beginDate": 1981,
    "endDate": null,
    "nationality": {
        "en": "Chinese",
        "zh-hant": "中國籍"
    }
}