{
    "id": 158,
    "publicAccess": true,
    "name": {
        "en": "Henry N. Cobb",
        "zh-hant": "亨利‧科布"
    },
    "alphaSortName": {
        "en": "Cobb, Henry N.",
        "zh-hant": "亨利‧科布"
    },
    "type": "Individual",
    "roles": [
        "Architect",
        "建築師"
    ],
    "displayBio": {
        "en": "American, born 1926",
        "zh-hant": "美國籍，生於1926年"
    },
    "gender": {
        "en": "Male",
        "zh-hant": "男性"
    },
    "beginDate": 1926,
    "endDate": null,
    "nationality": {
        "en": "American",
        "zh-hant": "美國籍"
    }
}