{
    "id": 159,
    "publicAccess": true,
    "name": {
        "en": "Cui Xiuwen",
        "zh-hant": "崔岫聞"
    },
    "alphaSortName": {
        "en": "Cui, Xiuwen",
        "zh-hant": "崔, 岫聞"
    },
    "type": "Individual",
    "roles": [
        "Artist",
        "藝術家"
    ],
    "displayBio": {
        "en": "Chinese, 1970–2018",
        "zh-hant": "中國籍，1970–2018年"
    },
    "gender": {
        "en": "Female",
        "zh-hant": "女性"
    },
    "beginDate": 1970,
    "endDate": 2018,
    "nationality": {
        "en": "Chinese",
        "zh-hant": "中國籍"
    }
}