{
    "id": 157,
    "publicAccess": true,
    "name": {
        "en": "Chuang Che",
        "zh-hant": "莊喆"
    },
    "alphaSortName": {
        "en": "Chuang, Che",
        "zh-hant": "莊喆"
    },
    "type": "Individual",
    "roles": [
        "Artist",
        "藝術家"
    ],
    "displayBio": {
        "en": "American, born China, 1934",
        "zh-hant": "美國籍，1934年生於中國"
    },
    "gender": {
        "en": "Male",
        "zh-hant": "男性"
    },
    "beginDate": 1934,
    "endDate": null,
    "nationality": {
        "en": "American",
        "zh-hant": "美國籍"
    }
}