{
    "id": 155,
    "publicAccess": true,
    "name": {
        "en": "Chu Hing Wah",
        "zh-hant": "朱興華"
    },
    "alphaSortName": {
        "en": "Chu, Hing Wah",
        "zh-hant": "朱, 興華"
    },
    "type": "Individual",
    "roles": [
        "Artist",
        "藝術家"
    ],
    "displayBio": {
        "en": "Hong Kong, born China, 1935",
        "zh-hant": "香港，1935年生於中國"
    },
    "gender": {
        "en": "Male",
        "zh-hant": "男性"
    },
    "beginDate": 1935,
    "endDate": null,
    "nationality": {
        "en": "Hong Kong",
        "zh-hant": "香港"
    }
}