{
    "id": 168,
    "publicAccess": true,
    "name": {
        "en": "Du Jie",
        "zh-hant": "杜婕"
    },
    "alphaSortName": {
        "en": "Du, Jie",
        "zh-hant": "杜, 婕"
    },
    "type": "Individual",
    "roles": [
        "Artist",
        "藝術家"
    ],
    "displayBio": {
        "en": "Chinese, born 1968",
        "zh-hant": "中國籍，生於1968年"
    },
    "gender": {
        "en": "Female",
        "zh-hant": "女性"
    },
    "beginDate": 1968,
    "endDate": null,
    "nationality": {
        "en": "Chinese",
        "zh-hant": "中國籍"
    }
}