{
    "id": 162,
    "publicAccess": true,
    "name": {
        "en": "Deng Hua",
        "zh-hant": "鄧華"
    },
    "alphaSortName": {
        "en": "Deng, Hua",
        "zh-hant": "鄧, 華"
    },
    "type": "Individual",
    "roles": [
        "Artist",
        "藝術家"
    ],
    "displayBio": {
        "en": "Chinese, born 1983",
        "zh-hant": "中國籍，生於1983年"
    },
    "gender": {
        "en": "Male",
        "zh-hant": "男性"
    },
    "beginDate": 1983,
    "endDate": null,
    "nationality": {
        "en": "Chinese",
        "zh-hant": "中國籍"
    }
}