{
    "id": 160,
    "publicAccess": true,
    "name": {
        "en": "Dai Chenlian",
        "zh-hant": "戴陳連"
    },
    "alphaSortName": {
        "en": "Dai, Chenlian",
        "zh-hant": "戴, 陳連"
    },
    "type": "Individual",
    "roles": [
        "Artist",
        "藝術家"
    ],
    "displayBio": {
        "en": "Chinese, born 1982",
        "zh-hant": "中國籍，生於1982年"
    },
    "gender": {
        "en": "Male",
        "zh-hant": "男性"
    },
    "beginDate": 1982,
    "endDate": null,
    "nationality": {
        "en": "Chinese",
        "zh-hant": "中國籍"
    }
}