{
    "id": 165,
    "publicAccess": true,
    "name": {
        "en": "Diao Wei",
        "zh-hant": "刁偉"
    },
    "alphaSortName": {
        "en": "Diao, Wei",
        "zh-hant": "刁, 偉"
    },
    "type": "Individual",
    "roles": [
        "Artist",
        "藝術家"
    ],
    "displayBio": {
        "en": "Chinese, born 1979",
        "zh-hant": "中國籍，生於1979年"
    },
    "gender": {
        "en": "Male",
        "zh-hant": "男性"
    },
    "beginDate": 1979,
    "endDate": null,
    "nationality": {
        "en": "Chinese",
        "zh-hant": "中國籍"
    }
}