{
    "id": 164,
    "publicAccess": true,
    "name": {
        "en": "David Diao",
        "zh-hant": "刁德謙"
    },
    "alphaSortName": {
        "en": "Diao, David",
        "zh-hant": "刁, 德謙"
    },
    "type": "Individual",
    "roles": [
        "Artist",
        "藝術家"
    ],
    "displayBio": {
        "en": "American, born China, 1943",
        "zh-hant": "美國籍，1943年生於中國"
    },
    "gender": {
        "en": "Male",
        "zh-hant": "男性"
    },
    "beginDate": 1943,
    "endDate": null,
    "nationality": {
        "en": "American",
        "zh-hant": "美國籍"
    }
}