{
    "id": 167,
    "publicAccess": true,
    "name": {
        "en": "Dong Wensheng",
        "zh-hant": "董文勝"
    },
    "alphaSortName": {
        "en": "Dong, Wensheng",
        "zh-hant": "董, 文勝"
    },
    "type": "Individual",
    "roles": [
        "Artist",
        "藝術家"
    ],
    "displayBio": {
        "en": "Chinese, born 1970",
        "zh-hant": "中國籍，生於1970年"
    },
    "gender": {
        "en": "Male",
        "zh-hant": "男性"
    },
    "beginDate": 1970,
    "endDate": null,
    "nationality": {
        "en": "Chinese",
        "zh-hant": "中國籍"
    }
}