{
    "id": 174,
    "publicAccess": true,
    "name": {
        "en": "Feng Jianguo",
        "zh-hant": "馮建國"
    },
    "alphaSortName": {
        "en": "Feng, Jianguo",
        "zh-hant": "馮, 建國"
    },
    "type": "Individual",
    "roles": [
        "Artist",
        "藝術家"
    ],
    "displayBio": {
        "en": "Chinese, born 1962",
        "zh-hant": "中國籍，生於1962年"
    },
    "gender": {
        "en": "Male",
        "zh-hant": "男性"
    },
    "beginDate": 1962,
    "endDate": null,
    "nationality": {
        "en": "Chinese",
        "zh-hant": "中國籍"
    }
}