{
    "id": 173,
    "publicAccess": true,
    "name": {
        "en": "Feng Guodong",
        "zh-hant": "馮國東"
    },
    "alphaSortName": {
        "en": "Feng, Guodong",
        "zh-hant": "馮, 國東"
    },
    "type": "Individual",
    "roles": [
        "Artist",
        "藝術家"
    ],
    "displayBio": {
        "en": "Chinese, 1948–2005",
        "zh-hant": "中國籍，1948–2005年"
    },
    "gender": {
        "en": "Male",
        "zh-hant": "男性"
    },
    "beginDate": 1948,
    "endDate": 2005,
    "nationality": {
        "en": "Chinese",
        "zh-hant": "中國籍"
    }
}