{
    "id": 181,
    "publicAccess": true,
    "name": {
        "en": "Fu Zhen",
        "zh-hant": "傅真"
    },
    "alphaSortName": {
        "en": "Fu, Zhen",
        "zh-hant": "傅, 真"
    },
    "type": "Individual",
    "roles": [
        "Artist",
        "藝術家"
    ],
    "displayBio": {
        "en": null,
        "zh-hant": null
    },
    "gender": {
        "en": "Male",
        "zh-hant": "男性"
    },
    "beginDate": null,
    "endDate": null,
    "nationality": {
        "en": null,
        "zh-hant": null
    }
}