{
    "id": 184,
    "publicAccess": true,
    "name": {
        "en": "Brothers Gao",
        "zh-hant": "高氏兄弟"
    },
    "alphaSortName": {
        "en": "Gao, Brothers",
        "zh-hant": "高氏兄弟"
    },
    "type": "Artist Collaborative",
    "roles": [
        "Artist",
        "藝術家"
    ],
    "displayBio": {
        "en": "established China, 1982",
        "zh-hant": "1982年於中國成立"
    },
    "gender": {
        "en": "Not Applicable",
        "zh-hant": "不適用"
    },
    "beginDate": 1982,
    "endDate": null,
    "nationality": {
        "en": "Chinese",
        "zh-hant": "中國籍"
    }
}