{
    "id": 183,
    "publicAccess": true,
    "name": {
        "en": "Sou Fujimoto",
        "zh-hant": "藤本壯介"
    },
    "alphaSortName": {
        "en": "Fujimoto, Sou",
        "zh-hant": "藤本壯介"
    },
    "type": "Individual",
    "roles": [
        "Architect",
        "建築師"
    ],
    "displayBio": {
        "en": "Japanese, born 1971",
        "zh-hant": "日本籍，生於1971年"
    },
    "gender": {
        "en": "Male",
        "zh-hant": "男性"
    },
    "beginDate": 1971,
    "endDate": null,
    "nationality": {
        "en": "Japanese",
        "zh-hant": "日本籍"
    }
}