{
    "id": 182,
    "publicAccess": true,
    "name": {
        "en": "Fu Wah Neon Engineering Company Limited",
        "zh-hant": "富華光管工程有限公司"
    },
    "alphaSortName": {
        "en": "Fu Wah Neon Engineering Company Limited",
        "zh-hant": "富華光管工程有限公司"
    },
    "type": "Organization",
    "roles": [
        "Maker",
        "創作者"
    ],
    "displayBio": {
        "en": "established Hong Kong, 1969",
        "zh-hant": "1969年成立於香港"
    },
    "gender": {
        "en": "Not Applicable",
        "zh-hant": "不適用"
    },
    "beginDate": 1969,
    "endDate": null,
    "nationality": {
        "en": "Hong Kong",
        "zh-hant": "香港"
    }
}