{
    "id": 186,
    "publicAccess": true,
    "name": {
        "en": "Geng Jianyi",
        "zh-hant": "耿建翌"
    },
    "alphaSortName": {
        "en": "Geng, Jianyi",
        "zh-hant": "耿, 建翌"
    },
    "type": "Individual",
    "roles": [
        "Artist",
        "藝術家"
    ],
    "displayBio": {
        "en": "Chinese, 1962–2017",
        "zh-hant": "中國籍，1962–2017年"
    },
    "gender": {
        "en": "Male",
        "zh-hant": "男性"
    },
    "beginDate": 1962,
    "endDate": 2018,
    "nationality": {
        "en": "Chinese",
        "zh-hant": "中國籍"
    }
}