{
    "id": 180,
    "publicAccess": true,
    "name": {
        "en": "Fu Jie",
        "zh-hant": "傅潔"
    },
    "alphaSortName": {
        "en": "Fu, Jie",
        "zh-hant": "傅, 潔"
    },
    "type": "Individual",
    "roles": [
        "Artist",
        "藝術家"
    ],
    "displayBio": {
        "en": "Chinese, born 1971",
        "zh-hant": "中國籍，生於1971年"
    },
    "gender": {
        "en": "Female",
        "zh-hant": "女性"
    },
    "beginDate": 1971,
    "endDate": null,
    "nationality": {
        "en": "Chinese",
        "zh-hant": "中國籍"
    }
}