{
    "id": 189,
    "publicAccess": true,
    "name": {
        "en": "Antony Gormley",
        "zh-hant": "安東尼·葛姆雷"
    },
    "alphaSortName": {
        "en": "Gormley, Antony",
        "zh-hant": "安東尼·葛姆雷"
    },
    "type": "Individual",
    "roles": [
        "Artist",
        "藝術家"
    ],
    "displayBio": {
        "en": "British-German, born 1950",
        "zh-hant": "英國/德國籍，生於1950年"
    },
    "gender": {
        "en": "Male",
        "zh-hant": "男性"
    },
    "beginDate": 1950,
    "endDate": null,
    "nationality": {
        "en": "British",
        "zh-hant": "英國籍"
    }
}