{
    "id": 187,
    "publicAccess": true,
    "name": {
        "en": "Geng Xue",
        "zh-hant": "耿雪"
    },
    "alphaSortName": {
        "en": "Geng, Xue",
        "zh-hant": "耿, 雪"
    },
    "type": "Individual",
    "roles": [
        "Artist",
        "藝術家"
    ],
    "displayBio": {
        "en": "Chinese, born 1983",
        "zh-hant": "中國籍，生於1983年"
    },
    "gender": {
        "en": "Female",
        "zh-hant": "女性"
    },
    "beginDate": 1983,
    "endDate": null,
    "nationality": {
        "en": "Chinese",
        "zh-hant": "中國籍"
    }
}