{
    "id": 192,
    "publicAccess": true,
    "name": {
        "en": "Gu Wenda",
        "zh-hant": "谷文達"
    },
    "alphaSortName": {
        "en": "Gu, Wenda",
        "zh-hant": "谷, 文達"
    },
    "type": "Individual",
    "roles": [
        "Artist",
        "藝術家"
    ],
    "displayBio": {
        "en": "Chinese, born 1955",
        "zh-hant": "中國籍，生於1955年"
    },
    "gender": {
        "en": "Male",
        "zh-hant": "男性"
    },
    "beginDate": 1955,
    "endDate": null,
    "nationality": {
        "en": "Chinese",
        "zh-hant": "中國籍"
    }
}