{
    "id": 199,
    "publicAccess": true,
    "name": {
        "en": "Andreas Gursky",
        "zh-hant": "安德烈亞斯·古爾斯基"
    },
    "alphaSortName": {
        "en": "Gursky, Andreas",
        "zh-hant": "安德烈亞斯·古爾斯基"
    },
    "type": "Individual",
    "roles": [
        "Artist",
        "藝術家"
    ],
    "displayBio": {
        "en": "German, born 1955",
        "zh-hant": "德國籍，生於1955年"
    },
    "gender": {
        "en": "Male",
        "zh-hant": "男性"
    },
    "beginDate": 1955,
    "endDate": null,
    "nationality": {
        "en": "German",
        "zh-hant": "德國籍"
    }
}