{
    "id": 190,
    "publicAccess": true,
    "name": {
        "en": "Michael Graves",
        "zh-hant": "邁克爾‧格雷夫斯"
    },
    "alphaSortName": {
        "en": "Graves, Michael",
        "zh-hant": "邁克爾‧格雷夫斯"
    },
    "type": "Individual",
    "roles": [
        "Architect",
        "建築師"
    ],
    "displayBio": {
        "en": "American, 1934–2015",
        "zh-hant": "美國籍，1934–2015年"
    },
    "gender": {
        "en": "Male",
        "zh-hant": "男性"
    },
    "beginDate": 1934,
    "endDate": 2015,
    "nationality": {
        "en": "American",
        "zh-hant": "美國籍"
    }
}