{
    "id": 193,
    "publicAccess": true,
    "name": {
        "en": "Gu Xiaoping",
        "zh-hant": "顧小平"
    },
    "alphaSortName": {
        "en": "Gu, Xiaoping",
        "zh-hant": "顧, 小平"
    },
    "type": "Individual",
    "roles": [
        "Artist",
        "藝術家"
    ],
    "displayBio": {
        "en": "Chinese, born 1969",
        "zh-hant": "中國籍，生於1969年"
    },
    "gender": {
        "en": "Male",
        "zh-hant": "男性"
    },
    "beginDate": 1969,
    "endDate": null,
    "nationality": {
        "en": "Chinese",
        "zh-hant": "中國籍"
    }
}