{
    "id": 197,
    "publicAccess": true,
    "name": {
        "en": "Guo Ling",
        "zh-hant": "郭玲"
    },
    "alphaSortName": {
        "en": "Guo, Ling",
        "zh-hant": "郭, 玲"
    },
    "type": "Individual",
    "roles": [
        "Artist",
        "藝術家"
    ],
    "displayBio": {
        "en": "Chinese, born 1981",
        "zh-hant": "中國籍，生於1981年"
    },
    "gender": {
        "en": "Female",
        "zh-hant": "女性"
    },
    "beginDate": 1981,
    "endDate": null,
    "nationality": {
        "en": "Chinese",
        "zh-hant": "中國籍"
    }
}