{
    "id": 203,
    "publicAccess": true,
    "name": {
        "en": "Han Yajuan",
        "zh-hant": "韓婭娟"
    },
    "alphaSortName": {
        "en": "Han, Yajuan",
        "zh-hant": "韓, 婭娟"
    },
    "type": "Individual",
    "roles": [
        "Artist",
        "藝術家"
    ],
    "displayBio": {
        "en": "Chinese, born 1980",
        "zh-hant": "中國籍，生於1980年"
    },
    "gender": {
        "en": "Female",
        "zh-hant": "女性"
    },
    "beginDate": 1980,
    "endDate": null,
    "nationality": {
        "en": "Chinese",
        "zh-hant": "中國籍"
    }
}