{
    "id": 200,
    "publicAccess": true,
    "name": {
        "en": "Zaha Hadid",
        "zh-hant": "扎哈‧哈迪德"
    },
    "alphaSortName": {
        "en": "Hadid, Zaha",
        "zh-hant": "扎哈‧哈迪德"
    },
    "type": "Individual",
    "roles": [
        "Artist",
        "藝術家",
        "Architect",
        "建築師",
        "Designer",
        "設計師"
    ],
    "displayBio": {
        "en": "British, born Iraq. 1950–2016",
        "zh-hant": "英國籍，生於伊拉克，1950–2016年"
    },
    "gender": {
        "en": "Female",
        "zh-hant": "女性"
    },
    "beginDate": 1950,
    "endDate": 2016,
    "nationality": {
        "en": "British",
        "zh-hant": "英國籍"
    }
}