{
    "id": 204,
    "publicAccess": true,
    "name": {
        "en": "He An",
        "zh-hant": "何岸"
    },
    "alphaSortName": {
        "en": "He, An",
        "zh-hant": "何岸"
    },
    "type": "Individual",
    "roles": [
        "Artist",
        "藝術家"
    ],
    "displayBio": {
        "en": "Chinese, born 1971",
        "zh-hant": "中國籍，生於1971年"
    },
    "gender": {
        "en": "Male",
        "zh-hant": "男性"
    },
    "beginDate": 1971,
    "endDate": null,
    "nationality": {
        "en": "Chinese",
        "zh-hant": "中國籍"
    }
}