{
    "id": 202,
    "publicAccess": true,
    "name": {
        "en": "Han Lei",
        "zh-hant": "韓磊"
    },
    "alphaSortName": {
        "en": "Han, Lei",
        "zh-hant": "韓磊"
    },
    "type": "Individual",
    "roles": [
        "Artist",
        "藝術家"
    ],
    "displayBio": {
        "en": null,
        "zh-hant": null
    },
    "gender": {
        "en": "Male",
        "zh-hant": "男性"
    },
    "beginDate": null,
    "endDate": null,
    "nationality": {
        "en": null,
        "zh-hant": null
    }
}