{
    "id": 211,
    "publicAccess": true,
    "name": {
        "en": "Ho Sin Tung",
        "zh-hant": "何倩彤"
    },
    "alphaSortName": {
        "en": "Ho, Sin Tung",
        "zh-hant": "何倩彤"
    },
    "type": "Individual",
    "roles": [
        "Artist",
        "藝術家"
    ],
    "displayBio": {
        "en": "Hong Kong, born 1986",
        "zh-hant": "香港，生於1986年"
    },
    "gender": {
        "en": "Female",
        "zh-hant": "女性"
    },
    "beginDate": 1986,
    "endDate": null,
    "nationality": {
        "en": "Hong Kong",
        "zh-hant": "香港"
    }
}