{
    "id": 212,
    "publicAccess": true,
    "name": {
        "en": "Ho Siu Kee",
        "zh-hant": "何兆基"
    },
    "alphaSortName": {
        "en": "Ho, Siu Kee",
        "zh-hant": "何, 兆基"
    },
    "type": "Individual",
    "roles": [
        "Artist",
        "藝術家"
    ],
    "displayBio": {
        "en": "Hong Kong, born 1964",
        "zh-hant": "香港，生於1964年"
    },
    "gender": {
        "en": "Male",
        "zh-hant": "男性"
    },
    "beginDate": 1964,
    "endDate": null,
    "nationality": {
        "en": "Hong Kong",
        "zh-hant": "香港"
    }
}