{
    "id": 216,
    "publicAccess": true,
    "name": {
        "en": "Hong Lei",
        "zh-hant": "洪磊"
    },
    "alphaSortName": {
        "en": "Hong, Lei",
        "zh-hant": "洪, 磊"
    },
    "type": "Individual",
    "roles": [
        "Artist",
        "藝術家"
    ],
    "displayBio": {
        "en": "Chinese, born 1960",
        "zh-hant": "中國籍，生於1960年"
    },
    "gender": {
        "en": "Male",
        "zh-hant": "男性"
    },
    "beginDate": 1960,
    "endDate": null,
    "nationality": {
        "en": "Chinese",
        "zh-hant": "中國籍"
    }
}