{
    "id": 218,
    "publicAccess": true,
    "name": {
        "en": "Tehching Hsieh",
        "zh-hant": "謝德慶"
    },
    "alphaSortName": {
        "en": "Hsieh, Tehching",
        "zh-hant": "謝, 德慶"
    },
    "type": "Individual",
    "roles": [
        "Artist",
        "藝術家"
    ],
    "displayBio": {
        "en": "Taiwanese-American, born 1950",
        "zh-hant": "美籍台裔，生於1950年"
    },
    "gender": {
        "en": "Male",
        "zh-hant": "男性"
    },
    "beginDate": 1950,
    "endDate": null,
    "nationality": {
        "en": "American",
        "zh-hant": "美國籍"
    }
}