{
    "id": 215,
    "publicAccess": true,
    "name": {
        "en": "Hong Ke",
        "zh-hant": "洪克"
    },
    "alphaSortName": {
        "en": "Hong, Ke",
        "zh-hant": "洪, 克"
    },
    "type": "Individual",
    "roles": [
        "Artist",
        "藝術家"
    ],
    "displayBio": {
        "en": "Chinese, born 1929",
        "zh-hant": "中國籍，生於1929年"
    },
    "gender": {
        "en": "Male",
        "zh-hant": "男性"
    },
    "beginDate": 1929,
    "endDate": null,
    "nationality": {
        "en": null,
        "zh-hant": null
    }
}