{
    "id": 214,
    "publicAccess": true,
    "name": {
        "en": "Hong Hao",
        "zh-hant": "洪浩"
    },
    "alphaSortName": {
        "en": "Hong, Hao",
        "zh-hant": "洪, 浩"
    },
    "type": "Individual",
    "roles": [
        "Artist",
        "藝術家"
    ],
    "displayBio": {
        "en": "Chinese, born 1965",
        "zh-hant": "中國籍，生於1965年"
    },
    "gender": {
        "en": "Male",
        "zh-hant": "男性"
    },
    "beginDate": 1965,
    "endDate": null,
    "nationality": {
        "en": "Chinese",
        "zh-hant": "中國籍"
    }
}