{
    "id": 213,
    "publicAccess": true,
    "name": {
        "en": "Tao Ho",
        "zh-hant": "何弢"
    },
    "alphaSortName": {
        "en": "Ho, Tao",
        "zh-hant": "何, 弢"
    },
    "type": "Individual",
    "roles": [
        "Architect",
        "建築師",
        "Archive Creator",
        "建檔者",
        "Designer",
        "設計師",
        "Author",
        "作者",
        "Subject",
        "作品主體"
    ],
    "displayBio": {
        "en": "Hong Kong, born China. 1936–2019",
        "zh-hant": "香港，1936年生於中國"
    },
    "gender": {
        "en": "Male",
        "zh-hant": "男性"
    },
    "beginDate": 1936,
    "endDate": 2019,
    "nationality": {
        "en": "Hong Kong",
        "zh-hant": "香港"
    }
}