{
    "id": 217,
    "publicAccess": true,
    "name": {
        "en": "Hou Bo",
        "zh-hant": "候波"
    },
    "alphaSortName": {
        "en": "Hou, Bo",
        "zh-hant": "候, 波"
    },
    "type": "Individual",
    "roles": [
        "Artist",
        "藝術家"
    ],
    "displayBio": {
        "en": "Chinese, 1924–2017",
        "zh-hant": "中國籍，1924–2017年"
    },
    "gender": {
        "en": "Female",
        "zh-hant": "女性"
    },
    "beginDate": 1924,
    "endDate": 2017,
    "nationality": {
        "en": "Chinese",
        "zh-hant": "中國籍"
    }
}