{
    "id": 228,
    "publicAccess": true,
    "name": {
        "en": "Huang Rui",
        "zh-hant": "黃銳"
    },
    "alphaSortName": {
        "en": "Huang, Rui",
        "zh-hant": "黃, 銳"
    },
    "type": "Individual",
    "roles": [
        "Artist",
        "藝術家"
    ],
    "displayBio": {
        "en": "Chinese, born 1952",
        "zh-hant": "中國籍，生於1952年"
    },
    "gender": {
        "en": "Male",
        "zh-hant": "男性"
    },
    "beginDate": 1952,
    "endDate": null,
    "nationality": {
        "en": "Chinese",
        "zh-hant": "中國籍"
    }
}