{
    "id": 222,
    "publicAccess": true,
    "name": {
        "en": "Hu Xiangqian",
        "zh-hant": "胡向前"
    },
    "alphaSortName": {
        "en": "Hu, Xiangqian",
        "zh-hant": "胡, 向前"
    },
    "type": "Individual",
    "roles": [
        "Artist",
        "藝術家"
    ],
    "displayBio": {
        "en": "Chinese, born 1983",
        "zh-hant": "中國籍，生於1983年"
    },
    "gender": {
        "en": "Male",
        "zh-hant": "男性"
    },
    "beginDate": 1983,
    "endDate": null,
    "nationality": {
        "en": "Chinese",
        "zh-hant": "中國籍"
    }
}