{
    "id": 221,
    "publicAccess": true,
    "name": {
        "en": "Hu Xiangdong",
        "zh-hant": "胡向東"
    },
    "alphaSortName": {
        "en": "Hu, Xiangdong",
        "zh-hant": "胡, 向東"
    },
    "type": "Individual",
    "roles": [
        "Artist",
        "藝術家"
    ],
    "displayBio": {
        "en": "Chinese, born 1961",
        "zh-hant": "中國籍，生於1961年"
    },
    "gender": {
        "en": "Male",
        "zh-hant": "男性"
    },
    "beginDate": 1961,
    "endDate": null,
    "nationality": {
        "en": "Chinese",
        "zh-hant": "中國籍"
    }
}