{
    "id": 227,
    "publicAccess": true,
    "name": {
        "en": "Huang Kui",
        "zh-hant": "黃奎"
    },
    "alphaSortName": {
        "en": "Huang, Kui",
        "zh-hant": "黃, 奎"
    },
    "type": "Individual",
    "roles": [
        "Artist",
        "藝術家"
    ],
    "displayBio": {
        "en": "Chinese, born 1977",
        "zh-hant": "中國籍，生於1977年"
    },
    "gender": {
        "en": "Male",
        "zh-hant": "男性"
    },
    "beginDate": 1977,
    "endDate": null,
    "nationality": {
        "en": "Chinese",
        "zh-hant": "中國籍"
    }
}