{
    "id": 223,
    "publicAccess": true,
    "name": {
        "en": "Hu Xiaoyuan",
        "zh-hant": "胡曉媛"
    },
    "alphaSortName": {
        "en": "Hu, Xiaoyuan",
        "zh-hant": "胡, 曉媛"
    },
    "type": "Individual",
    "roles": [
        "Artist",
        "藝術家",
        "Design Firm",
        "設計師事務所"
    ],
    "displayBio": {
        "en": "Chinese, born 1977",
        "zh-hant": "中國籍，生於1977年"
    },
    "gender": {
        "en": "Female",
        "zh-hant": "女性"
    },
    "beginDate": 1977,
    "endDate": null,
    "nationality": {
        "en": "Chinese",
        "zh-hant": "中國籍"
    }
}