{
    "id": 230,
    "publicAccess": true,
    "name": {
        "en": "Huang Yong Ping",
        "zh-hant": "黃永砅"
    },
    "alphaSortName": {
        "en": "Huang, Yong Ping",
        "zh-hant": "黃, 永砅"
    },
    "type": "Individual",
    "roles": [
        "Artist",
        "藝術家"
    ],
    "displayBio": {
        "en": "born 1954, Fujian died 2019, France",
        "zh-hant": "法國籍，生於中國，1954–2019年"
    },
    "gender": {
        "en": "Male",
        "zh-hant": "男性"
    },
    "beginDate": 1954,
    "endDate": 2019,
    "nationality": {
        "en": "French",
        "zh-hant": "法國籍"
    }
}