{
    "id": 237,
    "publicAccess": true,
    "name": {
        "en": "Jiang Shaowu",
        "zh-hant": "蔣少武"
    },
    "alphaSortName": {
        "en": "Jiang, Shaowu",
        "zh-hant": "蔣, 少武"
    },
    "type": "Individual",
    "roles": [
        "Artist",
        "藝術家"
    ],
    "displayBio": {
        "en": "Chinese, born 1932",
        "zh-hant": "中國籍，生於1932年"
    },
    "gender": {
        "en": "Male",
        "zh-hant": "男性"
    },
    "beginDate": 1932,
    "endDate": null,
    "nationality": {
        "en": "Chinese",
        "zh-hant": "中國籍"
    }
}