{
    "id": 233,
    "publicAccess": true,
    "name": {
        "en": "Ji Dachun",
        "zh-hant": "季大純"
    },
    "alphaSortName": {
        "en": "Ji, Dachun",
        "zh-hant": "季, 大純"
    },
    "type": "Individual",
    "roles": [
        "Artist",
        "藝術家"
    ],
    "displayBio": {
        "en": "Chinese, born 1968",
        "zh-hant": "中國籍，生於1968年"
    },
    "gender": {
        "en": "Male",
        "zh-hant": "男性"
    },
    "beginDate": 1968,
    "endDate": null,
    "nationality": {
        "en": "Chinese",
        "zh-hant": "中國籍"
    }
}