{
    "id": 236,
    "publicAccess": true,
    "name": {
        "en": "Jiang Jian",
        "zh-hant": "姜健"
    },
    "alphaSortName": {
        "en": "Jiang, Jian",
        "zh-hant": "姜健"
    },
    "type": "Individual",
    "roles": [
        "Artist",
        "藝術家"
    ],
    "displayBio": {
        "en": "Chinese, born 1953",
        "zh-hant": "中國籍，生於1953年"
    },
    "gender": {
        "en": "Male",
        "zh-hant": "男性"
    },
    "beginDate": 1953,
    "endDate": null,
    "nationality": {
        "en": "Chinese",
        "zh-hant": "中國籍"
    }
}