{
    "id": 232,
    "publicAccess": true,
    "name": {
        "en": "Christian Jankowski",
        "zh-hant": "克里斯坦·揚可夫斯基"
    },
    "alphaSortName": {
        "en": "Jankowski, Christian",
        "zh-hant": "克里斯坦·揚可夫斯基"
    },
    "type": "Individual",
    "roles": [
        "Artist",
        "藝術家"
    ],
    "displayBio": {
        "en": "German, born 1968",
        "zh-hant": "德國籍，生於1968年"
    },
    "gender": {
        "en": "Male",
        "zh-hant": "男性"
    },
    "beginDate": 1968,
    "endDate": null,
    "nationality": {
        "en": "German",
        "zh-hant": "德國籍"
    }
}