{
    "id": 231,
    "publicAccess": true,
    "name": {
        "en": "Huang Zhigen",
        "zh-hant": "黃智根"
    },
    "alphaSortName": {
        "en": "Huang, Zhigen",
        "zh-hant": "黃, 智根"
    },
    "type": "Individual",
    "roles": [
        "Artist",
        "藝術家"
    ],
    "displayBio": {
        "en": "Chinese, born 1946",
        "zh-hant": "中國籍，生於1946年"
    },
    "gender": {
        "en": "Male",
        "zh-hant": "男性"
    },
    "beginDate": 1946,
    "endDate": null,
    "nationality": {
        "en": "Chinese",
        "zh-hant": "中國籍"
    }
}