{
    "id": 241,
    "publicAccess": true,
    "name": {
        "en": "Jing Kewen",
        "zh-hant": "景柯文"
    },
    "alphaSortName": {
        "en": "Jing, Kewen",
        "zh-hant": "景, 柯文"
    },
    "type": "Individual",
    "roles": [
        "Artist",
        "藝術家"
    ],
    "displayBio": {
        "en": "Chinese, born 1965",
        "zh-hant": "中國籍，生於1965年"
    },
    "gender": {
        "en": "Male",
        "zh-hant": "男性"
    },
    "beginDate": 1965,
    "endDate": null,
    "nationality": {
        "en": "Chinese",
        "zh-hant": "中國籍"
    }
}