{
    "id": 248,
    "publicAccess": true,
    "name": {
        "en": "James H. Kinoshita",
        "zh-hant": "木下一"
    },
    "alphaSortName": {
        "en": "Kinoshita, James H.",
        "zh-hant": "木下一"
    },
    "type": "Individual",
    "roles": [
        "Architect",
        "建築師"
    ],
    "displayBio": {
        "en": "Canadian, born 1933",
        "zh-hant": "加拿大籍，生於1933年"
    },
    "gender": {
        "en": "Male",
        "zh-hant": "男性"
    },
    "beginDate": 1933,
    "endDate": null,
    "nationality": {
        "en": "Canadian",
        "zh-hant": "加拿大籍"
    }
}