{
    "id": 244,
    "publicAccess": true,
    "name": {
        "en": "Kamekura Yusaku",
        "zh-hant": "龜倉雄策"
    },
    "alphaSortName": {
        "en": "Kamekura, Yusaku",
        "zh-hant": "龜倉雄策"
    },
    "type": "Individual",
    "roles": [
        "Designer",
        "設計師"
    ],
    "displayBio": {
        "en": "Japanese, 1915–1997",
        "zh-hant": "日本籍，1915–1997年"
    },
    "gender": {
        "en": "Male",
        "zh-hant": "男性"
    },
    "beginDate": 1915,
    "endDate": 1997,
    "nationality": {
        "en": "Japanese",
        "zh-hant": "日本籍"
    }
}