{
    "id": 245,
    "publicAccess": true,
    "name": {
        "en": "Kan Tai-keung",
        "zh-hant": "靳埭強"
    },
    "alphaSortName": {
        "en": "Kan, Tai-keung",
        "zh-hant": "靳埭強"
    },
    "type": "Individual",
    "roles": [
        "Artist",
        "藝術家",
        "Designer",
        "設計師"
    ],
    "displayBio": {
        "en": "Hong Kong, born China, 1942",
        "zh-hant": "香港，1942年生於中國"
    },
    "gender": {
        "en": "Male",
        "zh-hant": "男性"
    },
    "beginDate": 1942,
    "endDate": null,
    "nationality": {
        "en": "Hong Kong",
        "zh-hant": "香港"
    }
}