{
    "id": 247,
    "publicAccess": true,
    "name": {
        "en": "Byron Kim",
        "zh-hant": "金允寧"
    },
    "alphaSortName": {
        "en": "Kim, Byron",
        "zh-hant": "金允寧"
    },
    "type": "Individual",
    "roles": [
        "Artist",
        "藝術家"
    ],
    "displayBio": {
        "en": "American, 1961",
        "zh-hant": "American, 1961"
    },
    "gender": {
        "en": "Male",
        "zh-hant": "男性"
    },
    "beginDate": 1961,
    "endDate": null,
    "nationality": {
        "en": "American",
        "zh-hant": "美國籍"
    }
}