{
    "id": 246,
    "publicAccess": true,
    "name": {
        "en": "Kan Xuan",
        "zh-hant": "闞萱"
    },
    "alphaSortName": {
        "en": "Kan, Xuan",
        "zh-hant": "闞, 萱"
    },
    "type": "Individual",
    "roles": [
        "Artist",
        "藝術家"
    ],
    "displayBio": {
        "en": "Chinese, born 1972",
        "zh-hant": "中國籍，生於1972年"
    },
    "gender": {
        "en": "Female",
        "zh-hant": "女性"
    },
    "beginDate": 1972,
    "endDate": null,
    "nationality": {
        "en": "Chinese",
        "zh-hant": "中國籍"
    }
}