{
    "id": 257,
    "publicAccess": true,
    "name": {
        "en": "Lai Shiu-fong",
        "zh-hant": "黎兆芳"
    },
    "alphaSortName": {
        "en": "Lai, Shiu-fong",
        "zh-hant": "黎兆芳"
    },
    "type": "Individual",
    "roles": [
        "Photographer",
        "攝影師"
    ],
    "displayBio": {
        "en": null,
        "zh-hant": null
    },
    "gender": {
        "en": "Female",
        "zh-hant": "女性"
    },
    "beginDate": 1965,
    "endDate": 1992,
    "nationality": {
        "en": "Hong Kong",
        "zh-hant": "香港"
    }
}