{
    "id": 254,
    "publicAccess": true,
    "name": {
        "en": "Will Kwan",
        "zh-hant": "Will Kwan"
    },
    "alphaSortName": {
        "en": "Kwan, Will",
        "zh-hant": "Kwan, Will"
    },
    "type": "Individual",
    "roles": [
        "Artist",
        "藝術家"
    ],
    "displayBio": {
        "en": "Hong Kong, born 1978",
        "zh-hant": "香港，生於1978年"
    },
    "gender": {
        "en": "Male",
        "zh-hant": "男性"
    },
    "beginDate": 1978,
    "endDate": null,
    "nationality": {
        "en": "Hong Kong",
        "zh-hant": "香港"
    }
}