{
    "id": 258,
    "publicAccess": true,
    "name": {
        "en": "Lam Tung Pang",
        "zh-hant": "林東鵬"
    },
    "alphaSortName": {
        "en": "Lam, Tung Pang",
        "zh-hant": "林, 東鵬"
    },
    "type": "Individual",
    "roles": [
        "Artist",
        "藝術家"
    ],
    "displayBio": {
        "en": "Hong Kong, born 1978",
        "zh-hant": "香港，生於1978年"
    },
    "gender": {
        "en": "Male",
        "zh-hant": "男性"
    },
    "beginDate": 1978,
    "endDate": null,
    "nationality": {
        "en": "Hong Kong",
        "zh-hant": "香港"
    }
}