{
    "id": 252,
    "publicAccess": true,
    "name": {
        "en": "Kuramata Shiro",
        "zh-hant": "倉俁史朗"
    },
    "alphaSortName": {
        "en": "Kuramata, Shiro",
        "zh-hant": "倉俁史朗"
    },
    "type": "Individual",
    "roles": [
        "Designer",
        "設計師",
        "Artist",
        "藝術家",
        "Subject",
        "作品主體"
    ],
    "displayBio": {
        "en": "Japanese, 1934–1991",
        "zh-hant": "日本籍，1934–1991年"
    },
    "gender": {
        "en": "Male",
        "zh-hant": "男性"
    },
    "beginDate": 1934,
    "endDate": 1991,
    "nationality": {
        "en": "Japanese",
        "zh-hant": "日本籍"
    }
}