{
    "id": 259,
    "publicAccess": true,
    "name": {
        "en": "Ian Lambot",
        "zh-hant": "林保賢"
    },
    "alphaSortName": {
        "en": "Lambot, Ian",
        "zh-hant": "林保賢"
    },
    "type": "Individual",
    "roles": [
        "Photographer",
        "攝影師"
    ],
    "displayBio": {
        "en": "British, born 1953",
        "zh-hant": "英國籍，生於1953年"
    },
    "gender": {
        "en": "Male",
        "zh-hant": "男性"
    },
    "beginDate": 1953,
    "endDate": null,
    "nationality": {
        "en": "British",
        "zh-hant": "英國籍"
    }
}