{
    "id": 253,
    "publicAccess": true,
    "name": {
        "en": "Kwan Sheung Chi",
        "zh-hant": "關尚智"
    },
    "alphaSortName": {
        "en": "Kwan, Sheung Chi",
        "zh-hant": "關, 尚智"
    },
    "type": "Individual",
    "roles": [
        "Artist",
        "藝術家"
    ],
    "displayBio": {
        "en": "Hong Kong, born 1980",
        "zh-hant": "香港，生於1980年"
    },
    "gender": {
        "en": "Male",
        "zh-hant": "男性"
    },
    "beginDate": 1980,
    "endDate": null,
    "nationality": {
        "en": "Hong Kong",
        "zh-hant": "香港"
    }
}