{
    "id": 262,
    "publicAccess": true,
    "name": {
        "en": "Leung Kui Ting",
        "zh-hant": "梁巨廷"
    },
    "alphaSortName": {
        "en": "Leung, Kui Ting",
        "zh-hant": "梁, 巨廷"
    },
    "type": "Individual",
    "roles": [
        "Artist",
        "藝術家",
        "Designer",
        "設計師"
    ],
    "displayBio": {
        "en": "Hong Kong, born China, 1945",
        "zh-hant": "香港，1945年生於中國"
    },
    "gender": {
        "en": "Male",
        "zh-hant": "男性"
    },
    "beginDate": 1945,
    "endDate": null,
    "nationality": {
        "en": "Chinese",
        "zh-hant": "中國籍"
    }
}