{
    "id": 261,
    "publicAccess": true,
    "name": {
        "en": "Kwangho Lee",
        "zh-hant": "李光鎬"
    },
    "alphaSortName": {
        "en": "Lee, Kwangho",
        "zh-hant": "李光鎬"
    },
    "type": "Individual",
    "roles": [
        "Designer",
        "設計師"
    ],
    "displayBio": {
        "en": "Korean, born 1981",
        "zh-hant": "韓國籍，生於1981年"
    },
    "gender": {
        "en": "Male",
        "zh-hant": "男性"
    },
    "beginDate": 1981,
    "endDate": null,
    "nationality": {
        "en": "South Korean",
        "zh-hant": "南韓籍"
    }
}