{
    "id": 278,
    "publicAccess": true,
    "name": {
        "en": "Li Yousong",
        "zh-hant": "李尤松"
    },
    "alphaSortName": {
        "en": "Li, Yousong",
        "zh-hant": "李, 尤松"
    },
    "type": "Individual",
    "roles": [
        "Artist",
        "藝術家"
    ],
    "displayBio": {
        "en": "Chinese, born 1968",
        "zh-hant": "中國籍，生於1968年"
    },
    "gender": {
        "en": "Male",
        "zh-hant": "男性"
    },
    "beginDate": 1968,
    "endDate": null,
    "nationality": {
        "en": "Chinese",
        "zh-hant": "中國籍"
    }
}