{
    "id": 279,
    "publicAccess": true,
    "name": {
        "en": "Li Yuan-chia",
        "zh-hant": "李元佳"
    },
    "alphaSortName": {
        "en": "Li, Yuan-chia",
        "zh-hant": "李, 元佳"
    },
    "type": "Individual",
    "roles": [
        "Artist",
        "藝術家"
    ],
    "displayBio": {
        "en": "British, born China. 1929–1994",
        "zh-hant": "英國籍，生於中國，1929–1994年"
    },
    "gender": {
        "en": "Male",
        "zh-hant": "男性"
    },
    "beginDate": 1929,
    "endDate": 1994,
    "nationality": {
        "en": "British",
        "zh-hant": "英國籍"
    }
}