{
    "id": 274,
    "publicAccess": true,
    "name": {
        "en": "Li Wei",
        "zh-hant": "李暐"
    },
    "alphaSortName": {
        "en": "Li, Wei",
        "zh-hant": "李, 暐"
    },
    "type": "Individual",
    "roles": [
        "Artist",
        "藝術家"
    ],
    "displayBio": {
        "en": "Chinese, born 1970",
        "zh-hant": "中國籍，生於1970年"
    },
    "gender": {
        "en": "Male",
        "zh-hant": "男性"
    },
    "beginDate": 1970,
    "endDate": null,
    "nationality": {
        "en": "Chinese",
        "zh-hant": "中國籍"
    }
}