{
    "id": 276,
    "publicAccess": true,
    "name": {
        "en": "Li Xi",
        "zh-hant": "李曦"
    },
    "alphaSortName": {
        "en": "Li Xi",
        "zh-hant": "李曦"
    },
    "type": "Individual",
    "roles": [
        "Artist",
        "藝術家"
    ],
    "displayBio": {
        "en": "Chinese, born 1979",
        "zh-hant": "中國籍，生於1979年"
    },
    "gender": {
        "en": "Female",
        "zh-hant": "女性"
    },
    "beginDate": 1979,
    "endDate": null,
    "nationality": {
        "en": "Chinese",
        "zh-hant": "中國籍"
    }
}