{
    "id": 275,
    "publicAccess": true,
    "name": {
        "en": "Li Wen",
        "zh-hant": "李文"
    },
    "alphaSortName": {
        "en": "Li, Wen",
        "zh-hant": "李, 文"
    },
    "type": "Individual",
    "roles": [
        "Artist",
        "藝術家"
    ],
    "displayBio": {
        "en": "Chinese, born 1966",
        "zh-hant": "中國籍，生於1966年"
    },
    "gender": {
        "en": "Male",
        "zh-hant": "男性"
    },
    "beginDate": 1966,
    "endDate": null,
    "nationality": {
        "en": "Chinese",
        "zh-hant": "中國籍"
    }
}