{
    "id": 282,
    "publicAccess": true,
    "name": {
        "en": "Liang Juhui",
        "zh-hant": "梁鉅輝"
    },
    "alphaSortName": {
        "en": "Liang, Juhui",
        "zh-hant": "梁鉅輝"
    },
    "type": "Individual",
    "roles": [
        "Artist",
        "藝術家"
    ],
    "displayBio": {
        "en": "Chinese, 1959–2006",
        "zh-hant": "中國籍，1959–2006年"
    },
    "gender": {
        "en": "Male",
        "zh-hant": "男性"
    },
    "beginDate": 1959,
    "endDate": 2006,
    "nationality": {
        "en": "Chinese",
        "zh-hant": "中國籍"
    }
}