{
    "id": 281,
    "publicAccess": true,
    "name": {
        "en": "Li Zhensheng",
        "zh-hant": "李振盛"
    },
    "alphaSortName": {
        "en": "Li, Zhensheng",
        "zh-hant": "李, 振盛"
    },
    "type": "Individual",
    "roles": [
        "Artist",
        "藝術家"
    ],
    "displayBio": {
        "en": "Chinese, born 1940",
        "zh-hant": "中國籍，生於1940年"
    },
    "gender": {
        "en": "Male",
        "zh-hant": "男性"
    },
    "beginDate": 1940,
    "endDate": null,
    "nationality": {
        "en": "Chinese",
        "zh-hant": "中國籍"
    }
}