{
    "id": 289,
    "publicAccess": true,
    "name": {
        "en": "Michael Lin",
        "zh-hant": "林明弘"
    },
    "alphaSortName": {
        "en": "Lin, Michael",
        "zh-hant": "林, 明弘"
    },
    "type": "Individual",
    "roles": [
        "Artist",
        "藝術家"
    ],
    "displayBio": {
        "en": "Taiwanese, born Japan, 1964",
        "zh-hant": "台灣籍，1964年生於日本"
    },
    "gender": {
        "en": "Male",
        "zh-hant": "男性"
    },
    "beginDate": 1964,
    "endDate": null,
    "nationality": {
        "en": "Taiwanese",
        "zh-hant": "台灣籍"
    }
}