{
    "id": 283,
    "publicAccess": true,
    "name": {
        "en": "Liang Shaoji",
        "zh-hant": "梁紹基"
    },
    "alphaSortName": {
        "en": "Liang, Shaoji",
        "zh-hant": "梁, 紹基"
    },
    "type": "Individual",
    "roles": [
        "Artist",
        "藝術家"
    ],
    "displayBio": {
        "en": "Chinese, born 1945",
        "zh-hant": "中國籍，生於1945年"
    },
    "gender": {
        "en": "Male",
        "zh-hant": "男性"
    },
    "beginDate": 1945,
    "endDate": null,
    "nationality": {
        "en": "Chinese",
        "zh-hant": "中國籍"
    }
}