{
    "id": 285,
    "publicAccess": true,
    "name": {
        "en": "Wellington Lee",
        "zh-hant": "梁光明"
    },
    "alphaSortName": {
        "en": "Lee, Wellington",
        "zh-hant": "梁光明"
    },
    "type": "Individual",
    "roles": [
        "Artist",
        "藝術家"
    ],
    "displayBio": {
        "en": "American, born China. 1918–2001",
        "zh-hant": "美國籍，生於中國，1918–2001年"
    },
    "gender": {
        "en": "Male",
        "zh-hant": "男性"
    },
    "beginDate": 1918,
    "endDate": 2001,
    "nationality": {
        "en": "American",
        "zh-hant": "美國籍"
    }
}