{
    "id": 290,
    "publicAccess": true,
    "name": {
        "en": "Richard Lin",
        "zh-hant": "林壽宇"
    },
    "alphaSortName": {
        "en": "Lin, Richard",
        "zh-hant": "林, 壽宇"
    },
    "type": "Individual",
    "roles": [
        "Artist",
        "藝術家"
    ],
    "displayBio": {
        "en": "British, born Taiwan. 1933–2011",
        "zh-hant": "英國籍，生於台灣，1933–2011年"
    },
    "gender": {
        "en": "Male",
        "zh-hant": "男性"
    },
    "beginDate": 1933,
    "endDate": 2011,
    "nationality": {
        "en": "British",
        "zh-hant": "英國籍"
    }
}