{
    "id": 295,
    "publicAccess": true,
    "name": {
        "en": "Anna Lindgren",
        "zh-hant": "Anna Lindgren"
    },
    "alphaSortName": {
        "en": "Lindgren, Anna",
        "zh-hant": "Lindgren, Anna"
    },
    "type": "Individual",
    "roles": [
        "Designer",
        "設計師"
    ],
    "displayBio": {
        "en": "Swedish, born 1977",
        "zh-hant": "瑞典籍，生於1977年"
    },
    "gender": {
        "en": "Female",
        "zh-hant": "女性"
    },
    "beginDate": 1977,
    "endDate": null,
    "nationality": {
        "en": "Swedish",
        "zh-hant": "瑞典籍"
    }
}