{
    "id": 296,
    "publicAccess": true,
    "name": {
        "en": "Liu Anping",
        "zh-hant": "劉安平"
    },
    "alphaSortName": {
        "en": "Liu, Anping",
        "zh-hant": "劉, 安平"
    },
    "type": "Individual",
    "roles": [
        "Artist",
        "藝術家"
    ],
    "displayBio": {
        "en": "Chinese, born 1964",
        "zh-hant": "中國籍，生於1964年"
    },
    "gender": {
        "en": "Male",
        "zh-hant": "男性"
    },
    "beginDate": 1964,
    "endDate": null,
    "nationality": {
        "en": "Chinese",
        "zh-hant": "中國籍"
    }
}