{
    "id": 299,
    "publicAccess": true,
    "name": {
        "en": "Liu Chuang",
        "zh-hant": "劉窗"
    },
    "alphaSortName": {
        "en": "Liu, Chuang",
        "zh-hant": "劉, 窗"
    },
    "type": "Individual",
    "roles": [
        "Artist",
        "藝術家"
    ],
    "displayBio": {
        "en": "Chinese, born 1979",
        "zh-hant": "中國籍，生於1979年"
    },
    "gender": {
        "en": "Male",
        "zh-hant": "男性"
    },
    "beginDate": 1979,
    "endDate": null,
    "nationality": {
        "en": "Chinese",
        "zh-hant": "中國籍"
    }
}