{
    "id": 294,
    "publicAccess": true,
    "name": {
        "en": "Lin Yilin",
        "zh-hant": "林一林"
    },
    "alphaSortName": {
        "en": "Lin, Yilin",
        "zh-hant": "林, 一林"
    },
    "type": "Individual",
    "roles": [
        "Artist",
        "藝術家"
    ],
    "displayBio": {
        "en": "Chinese, born 1964",
        "zh-hant": "中國籍，生於1964年"
    },
    "gender": {
        "en": "Male",
        "zh-hant": "男性"
    },
    "beginDate": 1964,
    "endDate": null,
    "nationality": {
        "en": "Chinese",
        "zh-hant": "中國籍"
    }
}