{
    "id": 293,
    "publicAccess": true,
    "name": {
        "en": "Lin Xue",
        "zh-hant": "林穴"
    },
    "alphaSortName": {
        "en": "Lin, Xue",
        "zh-hant": "林, 穴"
    },
    "type": "Individual",
    "roles": [
        "Artist",
        "藝術家"
    ],
    "displayBio": {
        "en": "born 1968, Fujian, died 2020, Hong Kong",
        "zh-hant": "1968年生於福建，2020年卒於香港"
    },
    "gender": {
        "en": "Male",
        "zh-hant": "男性"
    },
    "beginDate": 1968,
    "endDate": 2020,
    "nationality": {
        "en": "Hong Kong",
        "zh-hant": "香港"
    }
}