{
    "id": 297,
    "publicAccess": true,
    "name": {
        "en": "Sophia Liu Bo",
        "zh-hant": "劉波"
    },
    "alphaSortName": {
        "en": "Liu Bo, Sophia",
        "zh-hant": "劉, 波"
    },
    "type": "Individual",
    "roles": [
        "Designer",
        "設計師"
    ],
    "displayBio": {
        "en": "Chinese, born 1973",
        "zh-hant": "中國籍，生於1973年"
    },
    "gender": {
        "en": "Female",
        "zh-hant": "女性"
    },
    "beginDate": 1973,
    "endDate": null,
    "nationality": {
        "en": "Chinese",
        "zh-hant": "中國籍"
    }
}