{
    "id": 302,
    "publicAccess": true,
    "name": {
        "en": "Liu Heng",
        "zh-hant": "劉珩"
    },
    "alphaSortName": {
        "en": "Liu, Heng",
        "zh-hant": "劉, 珩"
    },
    "type": "Individual",
    "roles": [
        "Artist",
        "藝術家"
    ],
    "displayBio": {
        "en": "Chinese",
        "zh-hant": "中國籍"
    },
    "gender": {
        "en": "Female",
        "zh-hant": "女性"
    },
    "beginDate": null,
    "endDate": null,
    "nationality": {
        "en": "Chinese",
        "zh-hant": "中國籍"
    }
}