{
    "id": 315,
    "publicAccess": true,
    "name": {
        "en": "Liu Zheng",
        "zh-hant": "劉崢"
    },
    "alphaSortName": {
        "en": "Liu, Zheng",
        "zh-hant": "劉, 崢"
    },
    "type": "Individual",
    "roles": [
        "Artist",
        "藝術家"
    ],
    "displayBio": {
        "en": "Chinese, born 1969",
        "zh-hant": "中國籍，生於1969年"
    },
    "gender": {
        "en": "Male",
        "zh-hant": "男性"
    },
    "beginDate": 1969,
    "endDate": null,
    "nationality": {
        "en": "Chinese",
        "zh-hant": "中國籍"
    }
}