{
    "id": 317,
    "publicAccess": true,
    "name": {
        "en": "Andrew J Loiterton",
        "zh-hant": "安德魯·洛伊特頓"
    },
    "alphaSortName": {
        "en": "Loiterton, Andrew J",
        "zh-hant": "安德魯·洛伊特頓"
    },
    "type": "Individual",
    "roles": [
        "Artist",
        "藝術家"
    ],
    "displayBio": {
        "en": "Hong Kong, born Australia",
        "zh-hant": "香港，生於澳洲"
    },
    "gender": {
        "en": "Male",
        "zh-hant": "男性"
    },
    "beginDate": null,
    "endDate": null,
    "nationality": {
        "en": "Australian",
        "zh-hant": "澳洲籍"
    }
}