{
    "id": 326,
    "publicAccess": true,
    "name": {
        "en": "Lui Chun Kwong",
        "zh-hant": "呂振光"
    },
    "alphaSortName": {
        "en": "Lui, Chun Kwong",
        "zh-hant": "呂, 振光"
    },
    "type": "Individual",
    "roles": [
        "Artist",
        "藝術家"
    ],
    "displayBio": {
        "en": "Hong Kong, born China, 1956",
        "zh-hant": "香港，生於1956年"
    },
    "gender": {
        "en": "Male",
        "zh-hant": "男性"
    },
    "beginDate": 1956,
    "endDate": null,
    "nationality": {
        "en": "Hong Kong",
        "zh-hant": "香港"
    }
}