{
    "id": 327,
    "publicAccess": true,
    "name": {
        "en": "Lui Shou-kwan",
        "zh-hant": "呂壽琨"
    },
    "alphaSortName": {
        "en": "Lui, Shou-kwan",
        "zh-hant": "呂, 壽琨"
    },
    "type": "Individual",
    "roles": [
        "Artist",
        "藝術家",
        "Archive Creator",
        "建檔者",
        "Author",
        "作者",
        "Subject",
        "作品主體"
    ],
    "displayBio": {
        "en": "Hong Kong, born China. 1919–1975",
        "zh-hant": "香港，生於中國，1919–1975年"
    },
    "gender": {
        "en": "Male",
        "zh-hant": "男性"
    },
    "beginDate": 1919,
    "endDate": 1975,
    "nationality": {
        "en": "Hong Kong",
        "zh-hant": "香港"
    }
}