{
    "id": 329,
    "publicAccess": true,
    "name": {
        "en": "Luo Brothers",
        "zh-hant": "羅氏兄弟"
    },
    "alphaSortName": {
        "en": "Luo Brothers",
        "zh-hant": "羅氏兄弟"
    },
    "type": "Artist Collaborative",
    "roles": [
        "Artist",
        "藝術家"
    ],
    "displayBio": {
        "en": "established China, 1986",
        "zh-hant": "成立於1986年"
    },
    "gender": {
        "en": "Not Applicable",
        "zh-hant": "不適用"
    },
    "beginDate": 1986,
    "endDate": null,
    "nationality": {
        "en": "Chinese",
        "zh-hant": "中國籍"
    }
}