{
    "id": 331,
    "publicAccess": true,
    "name": {
        "en": "Luo Xiaoyun",
        "zh-hant": "羅小韵"
    },
    "alphaSortName": {
        "en": "Luo, Xiaoyun",
        "zh-hant": "羅, 小韵"
    },
    "type": "Individual",
    "roles": [
        "Artist",
        "藝術家"
    ],
    "displayBio": {
        "en": "Chinese, born 1953",
        "zh-hant": "中國籍，生於1953年"
    },
    "gender": {
        "en": "Female",
        "zh-hant": "女性"
    },
    "beginDate": 1953,
    "endDate": null,
    "nationality": {
        "en": "Chinese",
        "zh-hant": "中國籍"
    }
}