{
    "id": 330,
    "publicAccess": true,
    "name": {
        "en": "Luo Hui",
        "zh-hant": "羅琿"
    },
    "alphaSortName": {
        "en": "Luo, Hui",
        "zh-hant": "羅, 琿"
    },
    "type": "Individual",
    "roles": [
        "Artist",
        "藝術家"
    ],
    "displayBio": {
        "en": "Chinese, born 1973",
        "zh-hant": "中國籍，生於1973年"
    },
    "gender": {
        "en": "Female",
        "zh-hant": "女性"
    },
    "beginDate": 1973,
    "endDate": null,
    "nationality": {
        "en": "Chinese",
        "zh-hant": "中國籍"
    }
}