{
    "id": 333,
    "publicAccess": true,
    "name": {
        "en": "Ma Desheng",
        "zh-hant": "馬德升"
    },
    "alphaSortName": {
        "en": "Ma, Desheng",
        "zh-hant": "馬德升"
    },
    "type": "Individual",
    "roles": [
        "Artist",
        "藝術家"
    ],
    "displayBio": {
        "en": "Chinese, born 1952",
        "zh-hant": "中國籍，生於1952年"
    },
    "gender": {
        "en": "Male",
        "zh-hant": "男性"
    },
    "beginDate": 1952,
    "endDate": null,
    "nationality": {
        "en": "French",
        "zh-hant": "法國籍"
    }
}