{
    "id": 337,
    "publicAccess": true,
    "name": {
        "en": "Ma Yansong",
        "zh-hant": "馬岩松"
    },
    "alphaSortName": {
        "en": "Ma, Yansong",
        "zh-hant": "馬岩松"
    },
    "type": "Individual",
    "roles": [
        "Designer",
        "設計師",
        "Architect",
        "建築師"
    ],
    "displayBio": {
        "en": "Chinese, born 1975",
        "zh-hant": "中國籍，生於1975年"
    },
    "gender": {
        "en": "Male",
        "zh-hant": "男性"
    },
    "beginDate": 1975,
    "endDate": null,
    "nationality": {
        "en": "Chinese",
        "zh-hant": "中國籍"
    }
}