{
    "id": 335,
    "publicAccess": true,
    "name": {
        "en": "Ma Ke",
        "zh-hant": "馬克"
    },
    "alphaSortName": {
        "en": "Ma, Ke",
        "zh-hant": "克, 馬"
    },
    "type": "Individual",
    "roles": [
        "Artist",
        "藝術家"
    ],
    "displayBio": {
        "en": "Chinese, born 1988",
        "zh-hant": "中國籍，生於1988年"
    },
    "gender": {
        "en": "Male",
        "zh-hant": "男性"
    },
    "beginDate": 1988,
    "endDate": null,
    "nationality": {
        "en": "Chinese",
        "zh-hant": "中國籍"
    }
}