{
    "id": 349,
    "publicAccess": true,
    "name": {
        "en": "Mu Chen",
        "zh-hant": "慕辰"
    },
    "alphaSortName": {
        "en": "Mu, Chen",
        "zh-hant": "慕辰"
    },
    "type": "Individual",
    "roles": [
        "Artist",
        "藝術家"
    ],
    "displayBio": {
        "en": "Chinese, born 1970",
        "zh-hant": "中國籍，生於1970年"
    },
    "gender": {
        "en": "Female",
        "zh-hant": "女性"
    },
    "beginDate": 1970,
    "endDate": null,
    "nationality": {
        "en": "Chinese",
        "zh-hant": "中國籍"
    }
}