{
    "id": 347,
    "publicAccess": true,
    "name": {
        "en": "Kimiyo Mishima",
        "zh-hant": "三島喜美代"
    },
    "alphaSortName": {
        "en": "Mishima, Kimiyo",
        "zh-hant": "三島, 喜美代"
    },
    "type": "Individual",
    "roles": [
        "Artist",
        "藝術家"
    ],
    "displayBio": {
        "en": "Japanese, born 1932",
        "zh-hant": "日本籍，生於1932年"
    },
    "gender": {
        "en": "Female",
        "zh-hant": "女性"
    },
    "beginDate": 1932,
    "endDate": null,
    "nationality": {
        "en": "Japanese",
        "zh-hant": "日本籍"
    }
}