{
    "id": 343,
    "publicAccess": true,
    "name": {
        "en": "Meng Jin",
        "zh-hant": "孟瑾"
    },
    "alphaSortName": {
        "en": "Meng, Jin",
        "zh-hant": "孟, 瑾"
    },
    "type": "Individual",
    "roles": [
        "Artist",
        "藝術家"
    ],
    "displayBio": {
        "en": "Chinese, born 1973",
        "zh-hant": "中國籍，生於1973年"
    },
    "gender": {
        "en": "Female",
        "zh-hant": "女性"
    },
    "beginDate": 1973,
    "endDate": null,
    "nationality": {
        "en": "Chinese",
        "zh-hant": "中國籍"
    }
}