{
    "id": 348,
    "publicAccess": true,
    "name": {
        "en": "Linda Montano",
        "zh-hant": "Linda Montano"
    },
    "alphaSortName": {
        "en": "Montano, Linda",
        "zh-hant": "Montano, Linda"
    },
    "type": "Individual",
    "roles": [
        "Artist",
        "藝術家"
    ],
    "displayBio": {
        "en": "American, born 1942",
        "zh-hant": "美國籍，生於1942年"
    },
    "gender": {
        "en": "Female",
        "zh-hant": "女性"
    },
    "beginDate": 1942,
    "endDate": null,
    "nationality": {
        "en": "American",
        "zh-hant": "美國籍"
    }
}