{
    "id": 346,
    "publicAccess": true,
    "name": {
        "en": "Aernout Mik",
        "zh-hant": "阿爾瑙特‧米克"
    },
    "alphaSortName": {
        "en": "Mik, Aernout",
        "zh-hant": "阿爾瑙特‧米克"
    },
    "type": "Individual",
    "roles": [
        "Artist",
        "藝術家"
    ],
    "displayBio": {
        "en": "Dutch, born 1962",
        "zh-hant": "荷蘭籍，生於1962年"
    },
    "gender": {
        "en": "Male",
        "zh-hant": "男性"
    },
    "beginDate": 1962,
    "endDate": null,
    "nationality": {
        "en": "Dutch",
        "zh-hant": "荷蘭籍"
    }
}