{
    "id": 344,
    "publicAccess": true,
    "name": {
        "en": "Meng Zhaorui",
        "zh-hant": "孟昭瑞"
    },
    "alphaSortName": {
        "en": "Meng, Zhaorui",
        "zh-hant": "孟, 昭瑞"
    },
    "type": "Individual",
    "roles": [
        "Artist",
        "藝術家"
    ],
    "displayBio": {
        "en": "Chinese, 1930–2014",
        "zh-hant": "中國籍，1930–2014年"
    },
    "gender": {
        "en": "Male",
        "zh-hant": "男性"
    },
    "beginDate": 1930,
    "endDate": 2014,
    "nationality": {
        "en": "Chinese",
        "zh-hant": "中國籍"
    }
}