{
    "id": 356,
    "publicAccess": true,
    "name": {
        "en": "Erkka Nissinen",
        "zh-hant": "埃爾卡‧尼西寧"
    },
    "alphaSortName": {
        "en": "Nissinen, Erkka",
        "zh-hant": "埃爾卡‧尼西寧"
    },
    "type": "Individual",
    "roles": [
        "Artist",
        "藝術家"
    ],
    "displayBio": {
        "en": "Finnish, born 1975",
        "zh-hant": "芬蘭籍，生於1975年"
    },
    "gender": {
        "en": "Male",
        "zh-hant": "男性"
    },
    "beginDate": 1975,
    "endDate": null,
    "nationality": {
        "en": "Finnish",
        "zh-hant": "芬蘭籍"
    }
}