{
    "id": 359,
    "publicAccess": true,
    "name": {
        "en": "Nam June Paik",
        "zh-hant": "白南準"
    },
    "alphaSortName": {
        "en": "Paik, Nam June",
        "zh-hant": "白南准"
    },
    "type": "Individual",
    "roles": [
        "Artist",
        "藝術家",
        "Archive Creator",
        "建檔者",
        "Subject",
        "作品主體"
    ],
    "displayBio": {
        "en": "American, born Korea. 1932–2006",
        "zh-hant": "美國籍，1932-2006年, 生於韓國（現南韓）"
    },
    "gender": {
        "en": "Male",
        "zh-hant": "男性"
    },
    "beginDate": 1932,
    "endDate": 2006,
    "nationality": {
        "en": "American",
        "zh-hant": "美國籍"
    }
}