{
    "id": 358,
    "publicAccess": true,
    "name": {
        "en": "Ozawa Tsuyoshi",
        "zh-hant": "小澤剛"
    },
    "alphaSortName": {
        "en": "Ozawa, Tsuyoshi",
        "zh-hant": "小澤剛"
    },
    "type": "Individual",
    "roles": [
        "Artist",
        "藝術家"
    ],
    "displayBio": {
        "en": "Japanese, born 1965",
        "zh-hant": "日本籍，生於1965年"
    },
    "gender": {
        "en": "Male",
        "zh-hant": "男性"
    },
    "beginDate": 1965,
    "endDate": null,
    "nationality": {
        "en": "Japanese",
        "zh-hant": "日本籍"
    }
}