{
    "id": 352,
    "publicAccess": true,
    "name": {
        "en": "Lulu Ngie",
        "zh-hant": "倪鷺露"
    },
    "alphaSortName": {
        "en": "Ngie, Lulu",
        "zh-hant": "倪鷺露"
    },
    "type": "Individual",
    "roles": [
        "Artist",
        "藝術家"
    ],
    "displayBio": {
        "en": "Hong Kong, born China, 1972",
        "zh-hant": "香港，1972年生於中國"
    },
    "gender": {
        "en": "Female",
        "zh-hant": "女性"
    },
    "beginDate": 1972,
    "endDate": null,
    "nationality": {
        "en": "Hong Kong",
        "zh-hant": "香港"
    }
}