{
    "id": 350,
    "publicAccess": true,
    "name": {
        "en": "Murakami Saburō",
        "zh-hant": "村上三郎"
    },
    "alphaSortName": {
        "en": "Murakami, Saburō",
        "zh-hant": "村上, 三郎"
    },
    "type": "Individual",
    "roles": [
        "Artist",
        "藝術家"
    ],
    "displayBio": {
        "en": "Japanese, 1925–1996",
        "zh-hant": "日本籍，1925–1996年"
    },
    "gender": {
        "en": "Male",
        "zh-hant": "男性"
    },
    "beginDate": 1925,
    "endDate": 1996,
    "nationality": {
        "en": "Japanese",
        "zh-hant": "日本籍"
    }
}