{
    "id": 354,
    "publicAccess": true,
    "name": {
        "en": "Ni Youyu",
        "zh-hant": "倪有魚"
    },
    "alphaSortName": {
        "en": "Ni, Youyu",
        "zh-hant": "倪, 有魚"
    },
    "type": "Individual",
    "roles": [
        "Artist",
        "藝術家"
    ],
    "displayBio": {
        "en": "Chinese, born 1984",
        "zh-hant": "中國籍，生於1984年"
    },
    "gender": {
        "en": "Male",
        "zh-hant": "男性"
    },
    "beginDate": 1984,
    "endDate": null,
    "nationality": {
        "en": "Chinese",
        "zh-hant": "中國籍"
    }
}