{
    "id": 368,
    "publicAccess": true,
    "name": {
        "en": "Peng Yu",
        "zh-hant": "彭禹"
    },
    "alphaSortName": {
        "en": "Peng, Yu",
        "zh-hant": "彭, 禹"
    },
    "type": "Individual",
    "roles": [
        "Artist",
        "藝術家"
    ],
    "displayBio": {
        "en": "Chinese, born 1974",
        "zh-hant": "中國籍，生於1974年"
    },
    "gender": {
        "en": "Female",
        "zh-hant": "女性"
    },
    "beginDate": 1974,
    "endDate": null,
    "nationality": {
        "en": "Chinese",
        "zh-hant": "中國籍"
    }
}