{
    "id": 366,
    "publicAccess": true,
    "name": {
        "en": "Peng Wei",
        "zh-hant": "彭薇"
    },
    "alphaSortName": {
        "en": "Peng, Wei",
        "zh-hant": "彭, 薇"
    },
    "type": "Individual",
    "roles": [
        "Artist",
        "藝術家"
    ],
    "displayBio": {
        "en": "Chinese, born 1974",
        "zh-hant": "中國籍，生於1974年"
    },
    "gender": {
        "en": "Female",
        "zh-hant": "女性"
    },
    "beginDate": 1974,
    "endDate": null,
    "nationality": {
        "en": "Chinese",
        "zh-hant": "中國籍"
    }
}