{
    "id": 369,
    "publicAccess": true,
    "name": {
        "en": "Katja Pettersson",
        "zh-hant": "Katja Pettersson"
    },
    "alphaSortName": {
        "en": "Pettersson, Katja",
        "zh-hant": "Pettersson, Katja"
    },
    "type": "Individual",
    "roles": [
        "Designer",
        "設計師"
    ],
    "displayBio": {
        "en": "Swedish, born 1976",
        "zh-hant": "瑞典，生於1976年"
    },
    "gender": {
        "en": "Female",
        "zh-hant": "女性"
    },
    "beginDate": 1976,
    "endDate": null,
    "nationality": {
        "en": "Swedish",
        "zh-hant": "瑞典籍"
    }
}