{
    "id": 363,
    "publicAccess": true,
    "name": {
        "en": "Pan Xiaorong",
        "zh-hant": "潘小榮"
    },
    "alphaSortName": {
        "en": "Pan, Xiaorong",
        "zh-hant": "潘, 小榮"
    },
    "type": "Individual",
    "roles": [
        "Artist",
        "藝術家"
    ],
    "displayBio": {
        "en": "Chinese, born 1985",
        "zh-hant": "中國籍，生於1985年"
    },
    "gender": {
        "en": "Male",
        "zh-hant": "男性"
    },
    "beginDate": 1985,
    "endDate": null,
    "nationality": {
        "en": "Chinese",
        "zh-hant": "中國籍"
    }
}