{
    "id": 365,
    "publicAccess": true,
    "name": {
        "en": "Ellen Pau",
        "zh-hant": "鮑藹倫"
    },
    "alphaSortName": {
        "en": "Pau, Ellen",
        "zh-hant": "鮑, 藹倫"
    },
    "type": "Individual",
    "roles": [
        "Artist",
        "藝術家"
    ],
    "displayBio": {
        "en": "Hong Kong, born 1961",
        "zh-hant": "香港，生於1961年"
    },
    "gender": {
        "en": "Female",
        "zh-hant": "女性"
    },
    "beginDate": 1961,
    "endDate": null,
    "nationality": {
        "en": "Hong Kong",
        "zh-hant": "香港"
    }
}