{
    "id": 364,
    "publicAccess": true,
    "name": {
        "en": "Pan Xing Lei",
        "zh-hant": "潘星磊"
    },
    "alphaSortName": {
        "en": "Pan, Xing Lei",
        "zh-hant": "潘, 星磊"
    },
    "type": "Individual",
    "roles": [
        "Artist",
        "藝術家"
    ],
    "displayBio": {
        "en": "Chinese, born 1969",
        "zh-hant": "中國籍，生於1969年"
    },
    "gender": {
        "en": "Male",
        "zh-hant": "男性"
    },
    "beginDate": 1969,
    "endDate": null,
    "nationality": {
        "en": "Chinese",
        "zh-hant": "中國籍"
    }
}