{
    "id": 360,
    "publicAccess": true,
    "name": {
        "en": "Pak Sheung Chuen",
        "zh-hant": "白雙全"
    },
    "alphaSortName": {
        "en": "Pak, Sheung Chuen",
        "zh-hant": "白雙全"
    },
    "type": "Individual",
    "roles": [
        "Artist",
        "藝術家"
    ],
    "displayBio": {
        "en": "Hong Kong, born China, 1977",
        "zh-hant": "香港，1977年生於中國"
    },
    "gender": {
        "en": "Male",
        "zh-hant": "男性"
    },
    "beginDate": 1977,
    "endDate": null,
    "nationality": {
        "en": "Hong Kong",
        "zh-hant": "香港"
    }
}