{
    "id": 362,
    "publicAccess": true,
    "name": {
        "en": "Pan Jian",
        "zh-hant": "潘劍"
    },
    "alphaSortName": {
        "en": "Pan, Jian",
        "zh-hant": "潘, 劍"
    },
    "type": "Individual",
    "roles": [
        "Artist",
        "藝術家"
    ],
    "displayBio": {
        "en": "Chinese, born 1975",
        "zh-hant": "中國籍，生於1975年"
    },
    "gender": {
        "en": "Male",
        "zh-hant": "男性"
    },
    "beginDate": 1975,
    "endDate": null,
    "nationality": {
        "en": "Chinese",
        "zh-hant": "中國籍"
    }
}