{
    "id": 371,
    "publicAccess": true,
    "name": {
        "en": "Florian Pucher",
        "zh-hant": "弗洛里安·普克爾"
    },
    "alphaSortName": {
        "en": "Pucher, Florian",
        "zh-hant": "弗洛里安·普克爾"
    },
    "type": "Individual",
    "roles": [
        "Designer",
        "設計師"
    ],
    "displayBio": {
        "en": "Austrian, born 1977",
        "zh-hant": "奧地利籍，生於1977年"
    },
    "gender": {
        "en": "Male",
        "zh-hant": "男性"
    },
    "beginDate": 1977,
    "endDate": null,
    "nationality": {
        "en": "Austrian",
        "zh-hant": "奧地利籍"
    }
}