{
    "id": 379,
    "publicAccess": true,
    "name": {
        "en": "Qiu Shihua",
        "zh-hant": "邱世華"
    },
    "alphaSortName": {
        "en": "Qiu, Shi Hua",
        "zh-hant": "邱, 世華"
    },
    "type": "Individual",
    "roles": [
        "Artist",
        "藝術家"
    ],
    "displayBio": {
        "en": "Chinese, born 1940",
        "zh-hant": "中國籍，生於1940年"
    },
    "gender": {
        "en": "Male",
        "zh-hant": "男性"
    },
    "beginDate": 1940,
    "endDate": null,
    "nationality": {
        "en": "Chinese",
        "zh-hant": "中國籍"
    }
}