{
    "id": 378,
    "publicAccess": true,
    "name": {
        "en": "Yau Leung",
        "zh-hant": "邱良"
    },
    "alphaSortName": {
        "en": "Yau, Leung",
        "zh-hant": "邱良"
    },
    "type": "Individual",
    "roles": [
        "Artist",
        "藝術家"
    ],
    "displayBio": {
        "en": "Hong Kong, 1941–1997",
        "zh-hant": "香港，1941–1997年"
    },
    "gender": {
        "en": "Male",
        "zh-hant": "男性"
    },
    "beginDate": 1941,
    "endDate": 1997,
    "nationality": {
        "en": "Hong Kong",
        "zh-hant": "香港"
    }
}