{
    "id": 374,
    "publicAccess": true,
    "name": {
        "en": "Qin Qi",
        "zh-hant": "秦琦"
    },
    "alphaSortName": {
        "en": "Qin, Qi",
        "zh-hant": "秦, 琦"
    },
    "type": "Individual",
    "roles": [
        "Artist",
        "藝術家"
    ],
    "displayBio": {
        "en": "Chinese, born 1975",
        "zh-hant": "中國籍，生於1975年"
    },
    "gender": {
        "en": "Male",
        "zh-hant": "男性"
    },
    "beginDate": 1975,
    "endDate": null,
    "nationality": {
        "en": "Chinese",
        "zh-hant": "中國籍"
    }
}