{
    "id": 389,
    "publicAccess": true,
    "name": {
        "en": "Paul Rudolph",
        "zh-hant": "保羅·魯道夫"
    },
    "alphaSortName": {
        "en": "Rudolph, Paul",
        "zh-hant": "魯道夫, 保羅"
    },
    "type": "Individual",
    "roles": [
        "Architect",
        "建築師",
        "Archive Creator",
        "建檔者"
    ],
    "displayBio": {
        "en": "American, 1918–1997",
        "zh-hant": "美國籍，1918–1997年"
    },
    "gender": {
        "en": "Male",
        "zh-hant": "男性"
    },
    "beginDate": 1918,
    "endDate": 1997,
    "nationality": {
        "en": "American",
        "zh-hant": "美國籍"
    }
}