{
    "id": 387,
    "publicAccess": true,
    "name": {
        "en": "Aldo Rossi",
        "zh-hant": "阿爾多‧羅西"
    },
    "alphaSortName": {
        "en": "Rossi, Aldo",
        "zh-hant": "阿爾多‧羅西"
    },
    "type": "Individual",
    "roles": [
        "Architect",
        "建築師"
    ],
    "displayBio": {
        "en": "Italian, 1931–1997",
        "zh-hant": "意大利籍，1931–1997年"
    },
    "gender": {
        "en": "Male",
        "zh-hant": "男性"
    },
    "beginDate": 1931,
    "endDate": 1997,
    "nationality": {
        "en": "Italian",
        "zh-hant": "意大利籍"
    }
}