{
    "id": 383,
    "publicAccess": true,
    "name": {
        "en": "Qu Yan",
        "zh-hant": "渠岩"
    },
    "alphaSortName": {
        "en": "Qu, Yan",
        "zh-hant": "渠, 岩"
    },
    "type": "Individual",
    "roles": [
        "Artist",
        "藝術家"
    ],
    "displayBio": {
        "en": "Chinese, born 1955",
        "zh-hant": "中國籍，生於1955年"
    },
    "gender": {
        "en": "Male",
        "zh-hant": "男性"
    },
    "beginDate": 1955,
    "endDate": null,
    "nationality": {
        "en": "Chinese",
        "zh-hant": "中國籍"
    }
}