{
    "id": 386,
    "publicAccess": true,
    "name": {
        "en": "Rong Rong",
        "zh-hant": "榮榮"
    },
    "alphaSortName": {
        "en": "Rong, Rong",
        "zh-hant": "榮, 榮"
    },
    "type": "Individual",
    "roles": [
        "Artist",
        "藝術家"
    ],
    "displayBio": {
        "en": "Chinese, born 1968",
        "zh-hant": "中國籍，生於1968年"
    },
    "gender": {
        "en": "Male",
        "zh-hant": "男性"
    },
    "beginDate": 1968,
    "endDate": null,
    "nationality": {
        "en": "Chinese",
        "zh-hant": "中國籍"
    }
}