{
    "id": 384,
    "publicAccess": true,
    "name": {
        "en": "Remo Riva",
        "zh-hant": "李華武"
    },
    "alphaSortName": {
        "en": "Riva, Remo",
        "zh-hant": "李華武"
    },
    "type": "Individual",
    "roles": [
        "Architect",
        "建築師",
        "Archive Creator",
        "建檔者"
    ],
    "displayBio": {
        "en": "Hong Kong, born Switzerland, 1946",
        "zh-hant": "香港，1946年生於瑞士"
    },
    "gender": {
        "en": "Male",
        "zh-hant": "男性"
    },
    "beginDate": 1946,
    "endDate": null,
    "nationality": {
        "en": "Hong Kong",
        "zh-hant": "香港"
    }
}