{
    "id": 390,
    "publicAccess": true,
    "name": {
        "en": "Sakakura Junzo",
        "zh-hant": "坂倉準三"
    },
    "alphaSortName": {
        "en": "Sakakura, Junzo",
        "zh-hant": "坂倉準三"
    },
    "type": "Individual",
    "roles": [
        "Designer",
        "設計師",
        "Author",
        "作者",
        "Art Director",
        "藝術總監"
    ],
    "displayBio": {
        "en": "Japanese, 1901–1969",
        "zh-hant": "日本籍，1901–1969年"
    },
    "gender": {
        "en": "Male",
        "zh-hant": "男性"
    },
    "beginDate": 1901,
    "endDate": 1969,
    "nationality": {
        "en": "Japanese",
        "zh-hant": "日本籍"
    }
}