{
    "id": 395,
    "publicAccess": true,
    "name": {
        "en": "Shan Fan",
        "zh-hant": "單凡"
    },
    "alphaSortName": {
        "en": "Shan, Fan",
        "zh-hant": "單凡"
    },
    "type": "Individual",
    "roles": [
        "Artist",
        "藝術家"
    ],
    "displayBio": {
        "en": "Chinese, born 1959",
        "zh-hant": "中國籍，生於1959年"
    },
    "gender": {
        "en": "Male",
        "zh-hant": "男性"
    },
    "beginDate": 1959,
    "endDate": null,
    "nationality": {
        "en": "German",
        "zh-hant": "德國籍"
    }
}