{
    "id": 391,
    "publicAccess": true,
    "name": {
        "en": "Manuel Salvisberg",
        "zh-hant": "曼努埃爾·沙爾維斯堡"
    },
    "alphaSortName": {
        "en": "Salvisberg, Manuel",
        "zh-hant": "曼努埃爾·沙爾維斯堡"
    },
    "type": "Individual",
    "roles": [
        "Artist",
        "藝術家"
    ],
    "displayBio": {
        "en": "Swiss",
        "zh-hant": "瑞士籍"
    },
    "gender": {
        "en": "Male",
        "zh-hant": "男性"
    },
    "beginDate": null,
    "endDate": null,
    "nationality": {
        "en": "Swiss",
        "zh-hant": "瑞士籍"
    }
}