{
    "id": 396,
    "publicAccess": true,
    "name": {
        "en": "Shang Yang",
        "zh-hant": "尚揚"
    },
    "alphaSortName": {
        "en": "Shang, Yang",
        "zh-hant": "尚, 揚"
    },
    "type": "Individual",
    "roles": [
        "Artist",
        "藝術家"
    ],
    "displayBio": {
        "en": "Chinese, born 1942",
        "zh-hant": "中國籍，生於1942年"
    },
    "gender": {
        "en": "Male",
        "zh-hant": "男性"
    },
    "beginDate": 1942,
    "endDate": null,
    "nationality": {
        "en": "Chinese",
        "zh-hant": "中國籍"
    }
}