{
    "id": 397,
    "publicAccess": true,
    "name": {
        "en": "Shao Fan",
        "zh-hant": "邵帆"
    },
    "alphaSortName": {
        "en": "Shao, Fan",
        "zh-hant": "邵, 帆"
    },
    "type": "Individual",
    "roles": [
        "Artist",
        "藝術家",
        "Designer",
        "設計師"
    ],
    "displayBio": {
        "en": "Chinese, born 1964",
        "zh-hant": "中國籍，生於1964年"
    },
    "gender": {
        "en": "Male",
        "zh-hant": "男性"
    },
    "beginDate": 1964,
    "endDate": null,
    "nationality": {
        "en": "Chinese",
        "zh-hant": "中國籍"
    }
}