{
    "id": 392,
    "publicAccess": true,
    "name": {
        "en": "Tino Sehgal",
        "zh-hant": "蒂諾·塞加爾"
    },
    "alphaSortName": {
        "en": "Sehgal, Tino",
        "zh-hant": "蒂諾·塞加爾"
    },
    "type": "Individual",
    "roles": [
        "Artist",
        "藝術家"
    ],
    "displayBio": {
        "en": "British, born 1976",
        "zh-hant": "英國籍，生於1976年"
    },
    "gender": {
        "en": "Male",
        "zh-hant": "男性"
    },
    "beginDate": 1976,
    "endDate": null,
    "nationality": {
        "en": "British",
        "zh-hant": "英國籍"
    }
}