{
    "id": 400,
    "publicAccess": true,
    "name": {
        "en": "Hassan Sharif",
        "zh-hant": "哈桑‧謝里夫"
    },
    "alphaSortName": {
        "en": "Sharif, Hassan",
        "zh-hant": "哈桑‧謝里夫"
    },
    "type": "Individual",
    "roles": [
        "Artist",
        "藝術家"
    ],
    "displayBio": {
        "en": "Emirati, 1951–2016",
        "zh-hant": "阿拉伯聯合酋長國籍，1951–2016年"
    },
    "gender": {
        "en": "Male",
        "zh-hant": "男性"
    },
    "beginDate": 1951,
    "endDate": 2016,
    "nationality": {
        "en": "Emirati",
        "zh-hant": "阿聯酋籍"
    }
}