{
    "id": 403,
    "publicAccess": true,
    "name": {
        "en": "Shen Yuan",
        "zh-hant": "沈遠"
    },
    "alphaSortName": {
        "en": "Shen, Yuan",
        "zh-hant": "沈, 遠"
    },
    "type": "Individual",
    "roles": [
        "Artist",
        "藝術家"
    ],
    "displayBio": {
        "en": "Chinese, born 1959",
        "zh-hant": "中國籍，生於1959年"
    },
    "gender": {
        "en": "Female",
        "zh-hant": "女性"
    },
    "beginDate": 1959,
    "endDate": null,
    "nationality": {
        "en": "Chinese",
        "zh-hant": "中國籍"
    }
}