{
    "id": 417,
    "publicAccess": true,
    "name": {
        "en": "Song Tao",
        "zh-hant": "宋濤"
    },
    "alphaSortName": {
        "en": "Song, Tao",
        "zh-hant": "宋, 濤"
    },
    "type": "Individual",
    "roles": [
        "Artist",
        "藝術家"
    ],
    "displayBio": {
        "en": "Chinese, born 1979",
        "zh-hant": "中國籍，生於1979年"
    },
    "gender": {
        "en": "Male",
        "zh-hant": "男性"
    },
    "beginDate": 1979,
    "endDate": null,
    "nationality": {
        "en": "Chinese",
        "zh-hant": "中國籍"
    }
}