{
    "id": 418,
    "publicAccess": true,
    "name": {
        "en": "Song Yongping",
        "zh-hant": "宋永平"
    },
    "alphaSortName": {
        "en": "Song, Yongping",
        "zh-hant": "宋, 永平"
    },
    "type": "Individual",
    "roles": [
        "Artist",
        "藝術家"
    ],
    "displayBio": {
        "en": "Chinese, born 1961",
        "zh-hant": "中國籍，生於1961年"
    },
    "gender": {
        "en": "Male",
        "zh-hant": "男性"
    },
    "beginDate": 1961,
    "endDate": null,
    "nationality": {
        "en": "Chinese",
        "zh-hant": "中國籍"
    }
}