{
    "id": 419,
    "publicAccess": true,
    "name": {
        "en": "Angela Su",
        "zh-hant": "徐世琪"
    },
    "alphaSortName": {
        "en": "Su, Angela",
        "zh-hant": "徐, 世琪"
    },
    "type": "Individual",
    "roles": [
        "Artist",
        "藝術家"
    ],
    "displayBio": {
        "en": "Hong Kong, born 1958",
        "zh-hant": "香港，生於1958年"
    },
    "gender": {
        "en": "Female",
        "zh-hant": "女性"
    },
    "beginDate": 1958,
    "endDate": null,
    "nationality": {
        "en": "Hong Kong",
        "zh-hant": "香港"
    }
}