{
    "id": 423,
    "publicAccess": true,
    "name": {
        "en": "Sun Xun",
        "zh-hant": "孫遜"
    },
    "alphaSortName": {
        "en": "Sun, Xun",
        "zh-hant": "孫, 遜"
    },
    "type": "Individual",
    "roles": [
        "Artist",
        "藝術家"
    ],
    "displayBio": {
        "en": "Chinese, born 1980",
        "zh-hant": "中國籍，生於1980年"
    },
    "gender": {
        "en": "Male",
        "zh-hant": "男性"
    },
    "beginDate": 1980,
    "endDate": null,
    "nationality": {
        "en": "Chinese",
        "zh-hant": "中國籍"
    }
}