{
    "id": 427,
    "publicAccess": true,
    "name": {
        "en": "Koki Tanaka",
        "zh-hant": "田中功起"
    },
    "alphaSortName": {
        "en": "Tanaka, Koki",
        "zh-hant": "田中, 功起"
    },
    "type": "Individual",
    "roles": [
        "Artist",
        "藝術家"
    ],
    "displayBio": {
        "en": "Japanese, born 1975",
        "zh-hant": "日本籍，生於1975年"
    },
    "gender": {
        "en": "Male",
        "zh-hant": "男性"
    },
    "beginDate": 1975,
    "endDate": null,
    "nationality": {
        "en": "Japanese",
        "zh-hant": "日本籍"
    }
}