{
    "id": 425,
    "publicAccess": true,
    "name": {
        "en": "T'ang Haywen",
        "zh-hant": "曾海文"
    },
    "alphaSortName": {
        "en": "T'ang, Haywen",
        "zh-hant": "曾, 海文"
    },
    "type": "Individual",
    "roles": [
        "Artist",
        "藝術家"
    ],
    "displayBio": {
        "en": "French, born in Xiamen, China. 1927–1991",
        "zh-hant": "法國籍，生於中國. 1927–1991年"
    },
    "gender": {
        "en": "Male",
        "zh-hant": "男性"
    },
    "beginDate": 1927,
    "endDate": 1991,
    "nationality": {
        "en": "French",
        "zh-hant": "法國籍"
    }
}