{
    "id": 428,
    "publicAccess": true,
    "name": {
        "en": "Tang Desheng",
        "zh-hant": "湯德勝"
    },
    "alphaSortName": {
        "en": "Tang, Desheng",
        "zh-hant": "湯, 德勝"
    },
    "type": "Individual",
    "roles": [
        "Artist",
        "藝術家"
    ],
    "displayBio": {
        "en": "Chinese, born 1947",
        "zh-hant": "中國籍，生於1947年"
    },
    "gender": {
        "en": "Male",
        "zh-hant": "男性"
    },
    "beginDate": 1947,
    "endDate": null,
    "nationality": {
        "en": "Chinese",
        "zh-hant": "中國籍"
    }
}