{
    "id": 426,
    "publicAccess": true,
    "name": {
        "en": "Tam Kwok-kwan",
        "zh-hant": "譚國鋆"
    },
    "alphaSortName": {
        "en": "Tam, Kwok-kwan",
        "zh-hant": "譚國鋆"
    },
    "type": "Individual",
    "roles": [
        "Artist",
        "藝術家"
    ],
    "displayBio": {
        "en": null,
        "zh-hant": null
    },
    "gender": {
        "en": "Male",
        "zh-hant": "男性"
    },
    "beginDate": null,
    "endDate": null,
    "nationality": {
        "en": null,
        "zh-hant": null
    }
}