{
    "id": 420,
    "publicAccess": true,
    "name": {
        "en": "Kishio Suga",
        "zh-hant": "菅木志雄"
    },
    "alphaSortName": {
        "en": "Suga, Kishio",
        "zh-hant": "菅木志雄"
    },
    "type": "Individual",
    "roles": [
        "Artist",
        "藝術家"
    ],
    "displayBio": {
        "en": "Japanese, born 1944",
        "zh-hant": "日本籍，生於1944年"
    },
    "gender": {
        "en": "Male",
        "zh-hant": "男性"
    },
    "beginDate": 1944,
    "endDate": null,
    "nationality": {
        "en": "Japanese",
        "zh-hant": "日本籍"
    }
}