{
    "id": 432,
    "publicAccess": true,
    "name": {
        "en": "Rirkrit Tiravanija",
        "zh-hant": "里爾吉·迪拉瓦尼"
    },
    "alphaSortName": {
        "en": "Tiravanija, Rirkrit",
        "zh-hant": "里爾吉·迪拉瓦尼"
    },
    "type": "Individual",
    "roles": [
        "Artist",
        "藝術家"
    ],
    "displayBio": {
        "en": "Thai, born Argentina, 1961",
        "zh-hant": "泰國籍，1961年生於阿根廷"
    },
    "gender": {
        "en": "Male",
        "zh-hant": "男性"
    },
    "beginDate": 1961,
    "endDate": null,
    "nationality": {
        "en": "Thai",
        "zh-hant": "泰國籍"
    }
}