{
    "id": 439,
    "publicAccess": true,
    "name": {
        "en": "Charlotte von der Lancken",
        "zh-hant": "Charlotte von der Lancken"
    },
    "alphaSortName": {
        "en": "von der Lancken, Charlotte",
        "zh-hant": "von der Lancken, Charlotte"
    },
    "type": "Individual",
    "roles": [
        "Designer",
        "設計師"
    ],
    "displayBio": {
        "en": "Swedish, born 1978",
        "zh-hant": "瑞典籍，生於1978年"
    },
    "gender": {
        "en": "Female",
        "zh-hant": "女性"
    },
    "beginDate": 1978,
    "endDate": null,
    "nationality": {
        "en": "Swedish",
        "zh-hant": "瑞典籍"
    }
}