{
    "id": 437,
    "publicAccess": true,
    "name": {
        "en": "Ludwig Mies van der Rohe",
        "zh-hant": "路德維希·密斯·凡德羅"
    },
    "alphaSortName": {
        "en": "Mies van der Rohe, Ludwig",
        "zh-hant": "路德維希·密斯·凡德羅"
    },
    "type": "Individual",
    "roles": [
        "Architect",
        "建築師"
    ],
    "displayBio": {
        "en": "German, 1886–1969",
        "zh-hant": "德國籍，1886–1969年"
    },
    "gender": {
        "en": "Male",
        "zh-hant": "男性"
    },
    "beginDate": 1886,
    "endDate": 1969,
    "nationality": {
        "en": "German",
        "zh-hant": "德國籍"
    }
}