{
    "id": 431,
    "publicAccess": true,
    "name": {
        "en": "Tian Wei",
        "zh-hant": "田偉"
    },
    "alphaSortName": {
        "en": "Tian, Wei",
        "zh-hant": "田, 偉"
    },
    "type": "Individual",
    "roles": [
        "Artist",
        "藝術家"
    ],
    "displayBio": {
        "en": "Chinese, born 1955",
        "zh-hant": "中國籍，生於1955年"
    },
    "gender": {
        "en": "Female",
        "zh-hant": "女性"
    },
    "beginDate": 1955,
    "endDate": null,
    "nationality": {
        "en": "Chinese",
        "zh-hant": "中國籍"
    }
}