{
    "id": 435,
    "publicAccess": true,
    "name": {
        "en": "Tseng Yuho",
        "zh-hant": "曾佑和"
    },
    "alphaSortName": {
        "en": "Tseng, Yuho",
        "zh-hant": "曾, 佑和"
    },
    "type": "Individual",
    "roles": [
        "Artist",
        "藝術家"
    ],
    "displayBio": {
        "en": "American, born China. 1924–2017",
        "zh-hant": "美國籍，生於中國，1924–2017年"
    },
    "gender": {
        "en": "Female",
        "zh-hant": "女性"
    },
    "beginDate": 1924,
    "endDate": 2017,
    "nationality": {
        "en": "American",
        "zh-hant": "美國籍"
    }
}