{
    "id": 433,
    "publicAccess": true,
    "name": {
        "en": "Bernard Tschumi",
        "zh-hant": "Bernard Tschumi"
    },
    "alphaSortName": {
        "en": "Tschumi, Bernard",
        "zh-hant": "Tschumi, Bernard"
    },
    "type": "Individual",
    "roles": [
        "Archive Creator",
        "建檔者",
        "Architect",
        "建築師"
    ],
    "displayBio": {
        "en": "French and Swiss, born Switzerland, 1944",
        "zh-hant": "法國／瑞士籍，1944年生於瑞士"
    },
    "gender": {
        "en": "Male",
        "zh-hant": "男性"
    },
    "beginDate": 1944,
    "endDate": null,
    "nationality": {
        "en": null,
        "zh-hant": null
    }
}