{
    "id": 434,
    "publicAccess": true,
    "name": {
        "en": "Shirley Tse",
        "zh-hant": "謝淑妮"
    },
    "alphaSortName": {
        "en": "Tse, Shirley",
        "zh-hant": "謝淑妮"
    },
    "type": "Individual",
    "roles": [
        "Artist",
        "藝術家"
    ],
    "displayBio": {
        "en": "American, born Hong Kong, 1968",
        "zh-hant": "美國籍，1968年生於香港"
    },
    "gender": {
        "en": "Female",
        "zh-hant": "女性"
    },
    "beginDate": 1968,
    "endDate": null,
    "nationality": {
        "en": "American",
        "zh-hant": "美國籍"
    }
}