{
    "id": 436,
    "publicAccess": true,
    "name": {
        "en": "Yamazaki Tsuruko",
        "zh-hant": "山崎鶴子"
    },
    "alphaSortName": {
        "en": "Tsuruko, Yamazaki",
        "zh-hant": "山崎鶴子"
    },
    "type": "Individual",
    "roles": [
        "Artist",
        "藝術家"
    ],
    "displayBio": {
        "en": "Japanese, 1925-2019",
        "zh-hant": "日本籍, 1925-2019年"
    },
    "gender": {
        "en": "Female",
        "zh-hant": "女性"
    },
    "beginDate": 1925,
    "endDate": 2019,
    "nationality": {
        "en": "Japanese",
        "zh-hant": "日本籍"
    }
}