{
    "id": 438,
    "publicAccess": true,
    "name": {
        "en": "Maryn Varbanov",
        "zh-hant": "萬曼"
    },
    "alphaSortName": {
        "en": "Varbanov, Maryn",
        "zh-hant": "萬曼"
    },
    "type": "Individual",
    "roles": [
        "Artist",
        "藝術家",
        "Archive Creator",
        "建檔者",
        "Subject",
        "作品主體"
    ],
    "displayBio": {
        "en": "Bulgarian, 1932–1989",
        "zh-hant": "保加利亞籍，1932–1989年"
    },
    "gender": {
        "en": "Male",
        "zh-hant": "男性"
    },
    "beginDate": 1932,
    "endDate": 1989,
    "nationality": {
        "en": "Bulgarian",
        "zh-hant": "保加利亞籍"
    }
}