{
    "id": 449,
    "publicAccess": true,
    "name": {
        "en": "Wang Jun",
        "zh-hant": "王軍"
    },
    "alphaSortName": {
        "en": "Wang, Jun",
        "zh-hant": "王, 軍"
    },
    "type": "Individual",
    "roles": [
        "Artist",
        "藝術家"
    ],
    "displayBio": {
        "en": "Chinese, born 1974",
        "zh-hant": "中國籍，生於1974年"
    },
    "gender": {
        "en": "Male",
        "zh-hant": "男性"
    },
    "beginDate": 1974,
    "endDate": null,
    "nationality": {
        "en": "Chinese",
        "zh-hant": "中國籍"
    }
}