{
    "id": 445,
    "publicAccess": true,
    "name": {
        "en": "Wang Guangyi",
        "zh-hant": "王廣義"
    },
    "alphaSortName": {
        "en": "Wang, Guangyi",
        "zh-hant": "王, 廣義"
    },
    "type": "Individual",
    "roles": [
        "Artist",
        "藝術家"
    ],
    "displayBio": {
        "en": "Chinese, born 1957",
        "zh-hant": "中國籍，生於1957年"
    },
    "gender": {
        "en": "Male",
        "zh-hant": "男性"
    },
    "beginDate": 1957,
    "endDate": null,
    "nationality": {
        "en": "Chinese",
        "zh-hant": "中國籍"
    }
}