{
    "id": 441,
    "publicAccess": true,
    "name": {
        "en": "Wang Du",
        "zh-hant": "王度"
    },
    "alphaSortName": {
        "en": "Wang, Du",
        "zh-hant": "王, 度"
    },
    "type": "Individual",
    "roles": [
        "Artist",
        "藝術家"
    ],
    "displayBio": {
        "en": "Chinese, born 1956",
        "zh-hant": "中國籍，生於1956年"
    },
    "gender": {
        "en": "Male",
        "zh-hant": "男性"
    },
    "beginDate": 1956,
    "endDate": null,
    "nationality": {
        "en": "Chinese",
        "zh-hant": "中國籍"
    }
}