{
    "id": 444,
    "publicAccess": true,
    "name": {
        "en": "Wang Guangle",
        "zh-hant": "王光樂"
    },
    "alphaSortName": {
        "en": "Wang, Guangle",
        "zh-hant": "王, 光樂"
    },
    "type": "Individual",
    "roles": [
        "Artist",
        "藝術家"
    ],
    "displayBio": {
        "en": "Chinese, born 1976",
        "zh-hant": "中國籍，生於1976年"
    },
    "gender": {
        "en": "Male",
        "zh-hant": "男性"
    },
    "beginDate": 1976,
    "endDate": null,
    "nationality": {
        "en": "Chinese",
        "zh-hant": "中國籍"
    }
}