{
    "id": 442,
    "publicAccess": true,
    "name": {
        "en": "Wang Fuchun",
        "zh-hant": "王福春"
    },
    "alphaSortName": {
        "en": "Wang, Fuchun",
        "zh-hant": "王, 福春"
    },
    "type": "Individual",
    "roles": [
        "Artist",
        "藝術家"
    ],
    "displayBio": {
        "en": "Chinese, born 1943",
        "zh-hant": "中國籍，生於1943年"
    },
    "gender": {
        "en": "Male",
        "zh-hant": "男性"
    },
    "beginDate": 1943,
    "endDate": null,
    "nationality": {
        "en": "Chinese",
        "zh-hant": "中國籍"
    }
}