{
    "id": 450,
    "publicAccess": true,
    "name": {
        "en": "Wang Keping",
        "zh-hant": "王克平"
    },
    "alphaSortName": {
        "en": "Wang, Keping",
        "zh-hant": "王, 克平"
    },
    "type": "Individual",
    "roles": [
        "Artist",
        "藝術家",
        "Subject",
        "作品主體"
    ],
    "displayBio": {
        "en": "Chinese, born 1949",
        "zh-hant": "中國籍，生於1949年"
    },
    "gender": {
        "en": "Male",
        "zh-hant": "男性"
    },
    "beginDate": 1949,
    "endDate": null,
    "nationality": {
        "en": "Chinese",
        "zh-hant": "中國籍"
    }
}