{
    "id": 453,
    "publicAccess": true,
    "name": {
        "en": "Wang Mai",
        "zh-hant": "王邁"
    },
    "alphaSortName": {
        "en": "Wang, Mai",
        "zh-hant": "王, 邁"
    },
    "type": "Individual",
    "roles": [
        "Artist",
        "藝術家"
    ],
    "displayBio": {
        "en": "Chinese, born 1972",
        "zh-hant": "中國籍，生於1972年"
    },
    "gender": {
        "en": "Male",
        "zh-hant": "男性"
    },
    "beginDate": 1972,
    "endDate": null,
    "nationality": {
        "en": "Chinese",
        "zh-hant": "中國籍"
    }
}