{
    "id": 459,
    "publicAccess": true,
    "name": {
        "en": "Wang Shilong",
        "zh-hant": "王世龍"
    },
    "alphaSortName": {
        "en": "Wang, Shilong",
        "zh-hant": "王, 世龍"
    },
    "type": "Individual",
    "roles": [
        "Artist",
        "藝術家"
    ],
    "displayBio": {
        "en": "Chinese, 1930–2013",
        "zh-hant": "中國籍，1930–2013年"
    },
    "gender": {
        "en": "Male",
        "zh-hant": "男性"
    },
    "beginDate": 1930,
    "endDate": 2013,
    "nationality": {
        "en": "Chinese",
        "zh-hant": "中國籍"
    }
}