{
    "id": 452,
    "publicAccess": true,
    "name": {
        "en": "Wang Luyan",
        "zh-hant": "王鲁炎"
    },
    "alphaSortName": {
        "en": "Wang, Luyan",
        "zh-hant": "王, 鲁炎"
    },
    "type": "Individual",
    "roles": [
        "Artist",
        "藝術家"
    ],
    "displayBio": {
        "en": "Chinese, born 1956",
        "zh-hant": "中國籍，生於1956年"
    },
    "gender": {
        "en": "Male",
        "zh-hant": "男性"
    },
    "beginDate": 1956,
    "endDate": null,
    "nationality": {
        "en": "Chinese",
        "zh-hant": "中國籍"
    }
}