{
    "id": 460,
    "publicAccess": true,
    "name": {
        "en": "Wang Shu",
        "zh-hant": "王澍"
    },
    "alphaSortName": {
        "en": "Wang, Shu",
        "zh-hant": "王澍"
    },
    "type": "Individual",
    "roles": [
        "Designer",
        "設計師"
    ],
    "displayBio": {
        "en": "Chinese, born 1963",
        "zh-hant": "中國籍，生於1963年"
    },
    "gender": {
        "en": "Male",
        "zh-hant": "男性"
    },
    "beginDate": 1963,
    "endDate": null,
    "nationality": {
        "en": "Chinese",
        "zh-hant": "中國籍"
    }
}