{
    "id": 463,
    "publicAccess": true,
    "name": {
        "en": "Wang Xingwei",
        "zh-hant": "王興偉"
    },
    "alphaSortName": {
        "en": "Wang, Xingwei",
        "zh-hant": "王, 興偉"
    },
    "type": "Individual",
    "roles": [
        "Artist",
        "藝術家"
    ],
    "displayBio": {
        "en": "Chinese, born 1969",
        "zh-hant": "中國籍，生於1969年"
    },
    "gender": {
        "en": "Male",
        "zh-hant": "男性"
    },
    "beginDate": 1969,
    "endDate": null,
    "nationality": {
        "en": "Chinese",
        "zh-hant": "中國籍"
    }
}