{
    "id": 461,
    "publicAccess": true,
    "name": {
        "en": "Wang Wei",
        "zh-hant": "王衛"
    },
    "alphaSortName": {
        "en": "Wang, Wei",
        "zh-hant": "王, 衛"
    },
    "type": "Individual",
    "roles": [
        "Artist",
        "藝術家"
    ],
    "displayBio": {
        "en": "Chinese, born 1972",
        "zh-hant": "中國籍，生於1972年"
    },
    "gender": {
        "en": "Male",
        "zh-hant": "男性"
    },
    "beginDate": 1972,
    "endDate": null,
    "nationality": {
        "en": "Chinese",
        "zh-hant": "中國籍"
    }
}