{
    "id": 467,
    "publicAccess": true,
    "name": {
        "en": "Wei Dezhong",
        "zh-hant": "魏德忠"
    },
    "alphaSortName": {
        "en": "Wei, Dezhong",
        "zh-hant": "魏, 德忠"
    },
    "type": "Individual",
    "roles": [
        "Artist",
        "藝術家"
    ],
    "displayBio": {
        "en": "Chinese, born 1934",
        "zh-hant": "中國籍，生於1934年"
    },
    "gender": {
        "en": "Male",
        "zh-hant": "男性"
    },
    "beginDate": 1934,
    "endDate": null,
    "nationality": {
        "en": "Chinese",
        "zh-hant": "中國籍"
    }
}