{
    "id": 462,
    "publicAccess": true,
    "name": {
        "en": "Wang Wenlan",
        "zh-hant": "王文瀾"
    },
    "alphaSortName": {
        "en": "Wang, Wenlan",
        "zh-hant": "王, 文瀾"
    },
    "type": "Individual",
    "roles": [
        "Artist",
        "藝術家"
    ],
    "displayBio": {
        "en": "Chinese, born 1953",
        "zh-hant": "中國籍，生於1953年"
    },
    "gender": {
        "en": "Male",
        "zh-hant": "男性"
    },
    "beginDate": 1953,
    "endDate": null,
    "nationality": {
        "en": "Chinese",
        "zh-hant": "中國籍"
    }
}