{
    "id": 479,
    "publicAccess": true,
    "name": {
        "en": "Frank Lloyd Wright",
        "zh-hant": "法蘭克·洛伊·萊特"
    },
    "alphaSortName": {
        "en": "Wright, Frank Lloyd",
        "zh-hant": "法蘭克·洛伊·萊特"
    },
    "type": "Individual",
    "roles": [
        "Designer",
        "設計師",
        "Archive Creator",
        "建檔者",
        "Architect",
        "建築師"
    ],
    "displayBio": {
        "en": "American, 1867–1959",
        "zh-hant": "美國籍，1867–1959年"
    },
    "gender": {
        "en": "Male",
        "zh-hant": "男性"
    },
    "beginDate": 1867,
    "endDate": 1959,
    "nationality": {
        "en": "American",
        "zh-hant": "美國籍"
    }
}