{
    "id": 478,
    "publicAccess": true,
    "name": {
        "en": "Wucius Wong",
        "zh-hant": "王無邪"
    },
    "alphaSortName": {
        "en": "Wong, Wucius",
        "zh-hant": "王無邪"
    },
    "type": "Individual",
    "roles": [
        "Artist",
        "藝術家",
        "Author",
        "作者"
    ],
    "displayBio": {
        "en": "Hong Kong, born China, 1936",
        "zh-hant": "香港，1936年生於中國"
    },
    "gender": {
        "en": "Male",
        "zh-hant": "男性"
    },
    "beginDate": 1936,
    "endDate": null,
    "nationality": {
        "en": "Hong Kong",
        "zh-hant": "香港"
    }
}