{
    "id": 477,
    "publicAccess": true,
    "name": {
        "en": "Wong Wai Yin",
        "zh-hant": "黃慧妍"
    },
    "alphaSortName": {
        "en": "Wong, Wai Yin",
        "zh-hant": "黃, 慧妍"
    },
    "type": "Individual",
    "roles": [
        "Artist",
        "藝術家"
    ],
    "displayBio": {
        "en": "Hong Kong, born 1981",
        "zh-hant": "香港，生於1981年"
    },
    "gender": {
        "en": "Female",
        "zh-hant": "女性"
    },
    "beginDate": 1981,
    "endDate": null,
    "nationality": {
        "en": "Hong Kong",
        "zh-hant": "香港"
    }
}