{
    "id": 474,
    "publicAccess": true,
    "name": {
        "en": "Michael Wolf",
        "zh-hant": "吳爾夫"
    },
    "alphaSortName": {
        "en": "Wolf, Michael",
        "zh-hant": "吳爾夫"
    },
    "type": "Individual",
    "roles": [
        "Artist",
        "藝術家",
        "Photographer",
        "攝影師"
    ],
    "displayBio": {
        "en": "Hong Kong, born Germany. 1954–2019",
        "zh-hant": "香港，生於德國，1954—2019年"
    },
    "gender": {
        "en": "Male",
        "zh-hant": "男性"
    },
    "beginDate": 1954,
    "endDate": 2019,
    "nationality": {
        "en": "German",
        "zh-hant": "德國籍"
    }
}