{
    "id": 476,
    "publicAccess": true,
    "name": {
        "en": "Jackson Wong Chack Sang",
        "zh-hant": "王澤生"
    },
    "alphaSortName": {
        "en": "Wong, Jackson",
        "zh-hant": "王, 澤生"
    },
    "type": "Individual",
    "roles": [
        "Architect",
        "建築師"
    ],
    "displayBio": {
        "en": "Hong Kong, 1930–1994",
        "zh-hant": "生於香港，1930–1994年"
    },
    "gender": {
        "en": "Male",
        "zh-hant": "男性"
    },
    "beginDate": 1930,
    "endDate": 1994,
    "nationality": {
        "en": "Hong Kong",
        "zh-hant": "香港"
    }
}