{
    "id": 475,
    "publicAccess": true,
    "name": {
        "en": "Adrian Wong",
        "zh-hant": "王浩然"
    },
    "alphaSortName": {
        "en": "Wong, Adrian",
        "zh-hant": "王, 浩然"
    },
    "type": "Individual",
    "roles": [
        "Artist",
        "藝術家"
    ],
    "displayBio": {
        "en": "American, born 1980",
        "zh-hant": "美國籍，生於1980年"
    },
    "gender": {
        "en": "Male",
        "zh-hant": "男性"
    },
    "beginDate": 1980,
    "endDate": null,
    "nationality": {
        "en": "American",
        "zh-hant": "美國籍"
    }
}