{
    "id": 488,
    "publicAccess": true,
    "name": {
        "en": "Daisy Wu",
        "zh-hant": "吳程玉湖"
    },
    "alphaSortName": {
        "en": "Wu, Daisy",
        "zh-hant": "吳程玉湖"
    },
    "type": "Individual",
    "roles": [
        "Artist",
        "藝術家"
    ],
    "displayBio": {
        "en": null,
        "zh-hant": null
    },
    "gender": {
        "en": "Female",
        "zh-hant": "女性"
    },
    "beginDate": null,
    "endDate": null,
    "nationality": {
        "en": null,
        "zh-hant": null
    }
}