{
    "id": 496,
    "publicAccess": true,
    "name": {
        "en": "Xie Hailong",
        "zh-hant": "解海龍"
    },
    "alphaSortName": {
        "en": "Xie, Hailong",
        "zh-hant": "解, 海龍"
    },
    "type": "Individual",
    "roles": [
        "Artist",
        "藝術家"
    ],
    "displayBio": {
        "en": "Chinese, born 1951",
        "zh-hant": "中國籍，生於1951年"
    },
    "gender": {
        "en": "Male",
        "zh-hant": "男性"
    },
    "beginDate": 1951,
    "endDate": null,
    "nationality": {
        "en": "Chinese",
        "zh-hant": "中國籍"
    }
}