{
    "id": 498,
    "publicAccess": true,
    "name": {
        "en": "Xie Qi",
        "zh-hant": "謝其"
    },
    "alphaSortName": {
        "en": "Xie, Qi",
        "zh-hant": "謝, 其"
    },
    "type": "Individual",
    "roles": [
        "Artist",
        "藝術家"
    ],
    "displayBio": {
        "en": "Chinese, born 1974",
        "zh-hant": "中國籍，生於1974年"
    },
    "gender": {
        "en": "Female",
        "zh-hant": "女性"
    },
    "beginDate": 1974,
    "endDate": null,
    "nationality": {
        "en": "Chinese",
        "zh-hant": "中國籍"
    }
}