{
    "id": 495,
    "publicAccess": true,
    "name": {
        "en": "Xiao Zhuang",
        "zh-hant": "曉庄"
    },
    "alphaSortName": {
        "en": "Xiao, Zhuang",
        "zh-hant": "曉, 庄"
    },
    "type": "Individual",
    "roles": [
        "Artist",
        "藝術家"
    ],
    "displayBio": {
        "en": "Chinese, born 1933",
        "zh-hant": "中國籍，生於1933年"
    },
    "gender": {
        "en": "Female",
        "zh-hant": "女性"
    },
    "beginDate": 1933,
    "endDate": null,
    "nationality": {
        "en": "Chinese",
        "zh-hant": "中國籍"
    }
}