{
    "id": 492,
    "publicAccess": true,
    "name": {
        "en": "Xiao Quan",
        "zh-hant": "肖全"
    },
    "alphaSortName": {
        "en": "Xiao, Quan",
        "zh-hant": "肖, 全"
    },
    "type": "Individual",
    "roles": [
        "Artist",
        "藝術家"
    ],
    "displayBio": {
        "en": "中國籍，生於1959年",
        "zh-hant": "中國籍，生於1959年"
    },
    "gender": {
        "en": "Male",
        "zh-hant": "男性"
    },
    "beginDate": null,
    "endDate": null,
    "nationality": {
        "en": null,
        "zh-hant": null
    }
}