{
    "id": 493,
    "publicAccess": true,
    "name": {
        "en": "Xiao Tianyu",
        "zh-hant": "肖天宇"
    },
    "alphaSortName": {
        "en": "Xiao, Tianyu",
        "zh-hant": "肖天宇"
    },
    "type": "Individual",
    "roles": [
        "Designer",
        "設計師"
    ],
    "displayBio": {
        "en": "Chinese, born 1987",
        "zh-hant": "中國籍，生於1987年"
    },
    "gender": {
        "en": "Male",
        "zh-hant": "男性"
    },
    "beginDate": 1987,
    "endDate": null,
    "nationality": {
        "en": "Chinese",
        "zh-hant": "中國籍"
    }
}