{
    "id": 500,
    "publicAccess": true,
    "name": {
        "en": "Xing Danwen",
        "zh-hant": "邢丹文"
    },
    "alphaSortName": {
        "en": "Xing, Danwen",
        "zh-hant": "邢, 丹文"
    },
    "type": "Individual",
    "roles": [
        "Artist",
        "藝術家"
    ],
    "displayBio": {
        "en": "Chinese, born 1967",
        "zh-hant": "中國籍，生於1967年"
    },
    "gender": {
        "en": "Female",
        "zh-hant": "女性"
    },
    "beginDate": 1967,
    "endDate": null,
    "nationality": {
        "en": "Chinese",
        "zh-hant": "中國籍"
    }
}