{
    "id": 508,
    "publicAccess": true,
    "name": {
        "en": "C. F. Hsu, Frank",
        "zh-hant": "徐慶豐"
    },
    "alphaSortName": {
        "en": "Hsu, C F",
        "zh-hant": "徐慶豐"
    },
    "type": "Individual",
    "roles": [
        "Artist",
        "藝術家"
    ],
    "displayBio": {
        "en": null,
        "zh-hant": null
    },
    "gender": {
        "en": "Male",
        "zh-hant": "男性"
    },
    "beginDate": null,
    "endDate": null,
    "nationality": {
        "en": null,
        "zh-hant": null
    }
}