{
    "id": 504,
    "publicAccess": true,
    "name": {
        "en": "Xu Hualing",
        "zh-hant": "徐華翎"
    },
    "alphaSortName": {
        "en": "Xu, Hualing",
        "zh-hant": "徐, 華翎"
    },
    "type": "Individual",
    "roles": [
        "Artist",
        "藝術家"
    ],
    "displayBio": {
        "en": "Chinese, born 1975",
        "zh-hant": "中國籍，生於1975年"
    },
    "gender": {
        "en": "Female",
        "zh-hant": "女性"
    },
    "beginDate": 1975,
    "endDate": null,
    "nationality": {
        "en": "Chinese",
        "zh-hant": "中國籍"
    }
}