{
    "id": 507,
    "publicAccess": true,
    "name": {
        "en": "Xu Qin",
        "zh-hant": "徐勤"
    },
    "alphaSortName": {
        "en": "Xu, Qin",
        "zh-hant": "徐, 勤"
    },
    "type": "Individual",
    "roles": [
        "Artist",
        "藝術家"
    ],
    "displayBio": {
        "en": "Chinese, born 1985",
        "zh-hant": "中國籍，生於1985年"
    },
    "gender": {
        "en": "Male",
        "zh-hant": "男性"
    },
    "beginDate": 1985,
    "endDate": null,
    "nationality": {
        "en": "Chinese",
        "zh-hant": "中國籍"
    }
}