{
    "id": 519,
    "publicAccess": true,
    "name": {
        "en": "Iwao Yamawaki",
        "zh-hant": "山脇巌"
    },
    "alphaSortName": {
        "en": "Yamawaki, Iwao",
        "zh-hant": "山脇巌"
    },
    "type": "Individual",
    "roles": [
        "Artist",
        "藝術家"
    ],
    "displayBio": {
        "en": "Japanese, 1898–1987",
        "zh-hant": "日本籍，1898–1987年"
    },
    "gender": {
        "en": "Male",
        "zh-hant": "男性"
    },
    "beginDate": 1898,
    "endDate": 1987,
    "nationality": {
        "en": "Japanese",
        "zh-hant": "日本籍"
    }
}