{
    "id": 518,
    "publicAccess": true,
    "name": {
        "en": "Xue Zijiang",
        "zh-hant": "薛子江"
    },
    "alphaSortName": {
        "en": "Xue Zijiang",
        "zh-hant": "薛子江"
    },
    "type": "Individual",
    "roles": [
        "Artist",
        "藝術家"
    ],
    "displayBio": {
        "en": "Chinese, 1910–1962",
        "zh-hant": "香港，生於中國，1910–1962年"
    },
    "gender": {
        "en": "Male",
        "zh-hant": "男性"
    },
    "beginDate": 1910,
    "endDate": 1962,
    "nationality": {
        "en": "Chinese",
        "zh-hant": "中國籍"
    }
}