{
    "id": 522,
    "publicAccess": true,
    "name": {
        "en": "Changjiang Yan",
        "zh-hant": "顔長江"
    },
    "alphaSortName": {
        "en": "Yan, Changjiang",
        "zh-hant": "顔, 長江"
    },
    "type": "Individual",
    "roles": [
        "Artist",
        "藝術家"
    ],
    "displayBio": {
        "en": "Chinese, born 1968",
        "zh-hant": "中國籍，生於1968年"
    },
    "gender": {
        "en": "Male",
        "zh-hant": "男性"
    },
    "beginDate": 1968,
    "endDate": null,
    "nationality": {
        "en": "Chinese",
        "zh-hant": "中國籍"
    }
}