{
    "id": 525,
    "publicAccess": true,
    "name": {
        "en": "Yang Jiechang",
        "zh-hant": "楊詰蒼"
    },
    "alphaSortName": {
        "en": "Yang, Jiechang",
        "zh-hant": "楊詰蒼"
    },
    "type": "Individual",
    "roles": [
        "Artist",
        "藝術家"
    ],
    "displayBio": {
        "en": "German, born China, 1956",
        "zh-hant": "德國籍，1956年生於中國"
    },
    "gender": {
        "en": "Male",
        "zh-hant": "男性"
    },
    "beginDate": 1956,
    "endDate": null,
    "nationality": {
        "en": "Chinese",
        "zh-hant": "中國籍"
    }
}