{
    "id": 527,
    "publicAccess": true,
    "name": {
        "en": "Yang Meiyan",
        "zh-hant": "楊美艷"
    },
    "alphaSortName": {
        "en": "Yang, Meiyan",
        "zh-hant": "楊, 美艷"
    },
    "type": "Individual",
    "roles": [
        "Artist",
        "藝術家"
    ],
    "displayBio": {
        "en": "born 1983, Sichuan",
        "zh-hant": "born 1983, Sichuan"
    },
    "gender": {
        "en": "Female",
        "zh-hant": "女性"
    },
    "beginDate": 1983,
    "endDate": null,
    "nationality": {
        "en": "Chinese",
        "zh-hant": "中國籍"
    }
}