{
    "id": 524,
    "publicAccess": true,
    "name": {
        "en": "Haegue Yang",
        "zh-hant": "梁慧圭"
    },
    "alphaSortName": {
        "en": "Yang, Haegue",
        "zh-hant": "梁慧圭"
    },
    "type": "Individual",
    "roles": [
        "Artist",
        "藝術家"
    ],
    "displayBio": {
        "en": "Korean, born 1971",
        "zh-hant": "韓國籍，生於1971年"
    },
    "gender": {
        "en": "Female",
        "zh-hant": "女性"
    },
    "beginDate": 1971,
    "endDate": null,
    "nationality": {
        "en": "South Korean",
        "zh-hant": "南韓籍"
    }
}