{
    "id": 536,
    "publicAccess": true,
    "name": {
        "en": "Yang Yong",
        "zh-hant": "楊勇"
    },
    "alphaSortName": {
        "en": "Yang, Yong",
        "zh-hant": "楊, 勇"
    },
    "type": "Individual",
    "roles": [
        "Artist",
        "藝術家"
    ],
    "displayBio": {
        "en": "Chinese, born 1975",
        "zh-hant": "中國籍，生於1975年"
    },
    "gender": {
        "en": "Male",
        "zh-hant": "男性"
    },
    "beginDate": 1975,
    "endDate": null,
    "nationality": {
        "en": "Chinese",
        "zh-hant": "中國籍"
    }
}