{
    "id": 530,
    "publicAccess": true,
    "name": {
        "en": "Yan Pei-Ming",
        "zh-hant": "嚴培明"
    },
    "alphaSortName": {
        "en": "Yan, Pei-Ming",
        "zh-hant": "嚴, 培明"
    },
    "type": "Individual",
    "roles": [
        "Artist",
        "藝術家"
    ],
    "displayBio": {
        "en": "Chinese, born 1960",
        "zh-hant": "中國籍，生於1960年"
    },
    "gender": {
        "en": "Male",
        "zh-hant": "男性"
    },
    "beginDate": 1960,
    "endDate": null,
    "nationality": {
        "en": "Chinese",
        "zh-hant": "中國籍"
    }
}