{
    "id": 546,
    "publicAccess": true,
    "name": {
        "en": "Yin Yanhua",
        "zh-hant": "尹雁華"
    },
    "alphaSortName": {
        "en": "Yin, Yanhua",
        "zh-hant": "尹, 雁華"
    },
    "type": "Individual",
    "roles": [
        "Artist",
        "藝術家"
    ],
    "displayBio": {
        "en": "Chinese, born 1980",
        "zh-hant": "中國籍，生於1980年"
    },
    "gender": {
        "en": "Male",
        "zh-hant": "男性"
    },
    "beginDate": 1980,
    "endDate": null,
    "nationality": {
        "en": "Chinese",
        "zh-hant": "中國籍"
    }
}