{
    "id": 543,
    "publicAccess": true,
    "name": {
        "en": "Rocco Yim",
        "zh-hant": "嚴迅奇"
    },
    "alphaSortName": {
        "en": "Yim, Rocco",
        "zh-hant": "嚴, 迅奇"
    },
    "type": "Individual",
    "roles": [
        "Architect",
        "建築師",
        "Archive Creator",
        "建檔者"
    ],
    "displayBio": {
        "en": "Hong Kong, born 1952",
        "zh-hant": "香港，生於1952年"
    },
    "gender": {
        "en": "Male",
        "zh-hant": "男性"
    },
    "beginDate": 1952,
    "endDate": null,
    "nationality": {
        "en": "Hong Kong",
        "zh-hant": "香港"
    }
}