{
    "id": 549,
    "publicAccess": true,
    "name": {
        "en": "Yokoo Tadanori",
        "zh-hant": "橫尾忠則"
    },
    "alphaSortName": {
        "en": "Yokoo, Tadanori",
        "zh-hant": "橫尾忠則"
    },
    "type": "Individual",
    "roles": [
        "Designer",
        "設計師",
        "Artist",
        "藝術家"
    ],
    "displayBio": {
        "en": "Japanese, born 1936",
        "zh-hant": "日本籍，生於1936年"
    },
    "gender": {
        "en": "Male",
        "zh-hant": "男性"
    },
    "beginDate": 1936,
    "endDate": null,
    "nationality": {
        "en": "Japanese",
        "zh-hant": "日本籍"
    }
}