{
    "id": 548,
    "publicAccess": true,
    "name": {
        "en": "Sammy Yip",
        "zh-hant": "葉聯"
    },
    "alphaSortName": {
        "en": "Yip, Sammy",
        "zh-hant": "葉聯"
    },
    "type": "Individual",
    "roles": [
        "Designer",
        "設計師"
    ],
    "displayBio": {
        "en": "Hong Kong, 1930 - 2021",
        "zh-hant": "香港，1930-2021"
    },
    "gender": {
        "en": "Male",
        "zh-hant": "男性"
    },
    "beginDate": 1930,
    "endDate": 2021,
    "nationality": {
        "en": "Hong Kong",
        "zh-hant": "香港"
    }
}