{
    "id": 545,
    "publicAccess": true,
    "name": {
        "en": "Yin Xiuzhen",
        "zh-hant": "尹秀珍"
    },
    "alphaSortName": {
        "en": "Yin, Xiuzhen",
        "zh-hant": "尹, 秀珍"
    },
    "type": "Individual",
    "roles": [
        "Artist",
        "藝術家"
    ],
    "displayBio": {
        "en": "Chinese, born 1963",
        "zh-hant": "中國籍，生於1963年"
    },
    "gender": {
        "en": "Female",
        "zh-hant": "女性"
    },
    "beginDate": 1963,
    "endDate": null,
    "nationality": {
        "en": "Chinese",
        "zh-hant": "中國籍"
    }
}