{
    "id": 552,
    "publicAccess": true,
    "name": {
        "en": "Michael Young",
        "zh-hant": "邁克爾．楊"
    },
    "alphaSortName": {
        "en": "Young, Michael",
        "zh-hant": "邁克爾．楊"
    },
    "type": "Individual",
    "roles": [
        "Designer",
        "設計師"
    ],
    "displayBio": {
        "en": "British, born 1966",
        "zh-hant": "英國籍，生於1966年"
    },
    "gender": {
        "en": "Male",
        "zh-hant": "男性"
    },
    "beginDate": 1966,
    "endDate": null,
    "nationality": {
        "en": "British",
        "zh-hant": "英國籍"
    }
}