{
    "id": 553,
    "publicAccess": true,
    "name": {
        "en": "Yu Bogong",
        "zh-hant": "于伯公"
    },
    "alphaSortName": {
        "en": "Yu, Bogong",
        "zh-hant": "于, 伯公"
    },
    "type": "Individual",
    "roles": [
        "Artist",
        "藝術家"
    ],
    "displayBio": {
        "en": "Chinese, born 1970",
        "zh-hant": "中國籍，生於1970年"
    },
    "gender": {
        "en": "Male",
        "zh-hant": "男性"
    },
    "beginDate": 1970,
    "endDate": null,
    "nationality": {
        "en": "Chinese",
        "zh-hant": "中國籍"
    }
}