{
    "id": 550,
    "publicAccess": true,
    "name": {
        "en": "Yong He",
        "zh-hant": "雍和"
    },
    "alphaSortName": {
        "en": "Yong, He",
        "zh-hant": "雍, 和"
    },
    "type": "Individual",
    "roles": [
        "Artist",
        "藝術家"
    ],
    "displayBio": {
        "en": "Chinese, born 1956",
        "zh-hant": "中國籍，生於1956年"
    },
    "gender": {
        "en": "Male",
        "zh-hant": "男性"
    },
    "beginDate": 1956,
    "endDate": null,
    "nationality": {
        "en": "Chinese",
        "zh-hant": "中國籍"
    }
}