{
    "id": 556,
    "publicAccess": true,
    "name": {
        "en": "Yu Hong",
        "zh-hant": "喻紅"
    },
    "alphaSortName": {
        "en": "Yu, Hong",
        "zh-hant": "喻, 紅"
    },
    "type": "Individual",
    "roles": [
        "Artist",
        "藝術家"
    ],
    "displayBio": {
        "en": "Chinese, born 1966",
        "zh-hant": "中國籍，生於1966年"
    },
    "gender": {
        "en": "Female",
        "zh-hant": "女性"
    },
    "beginDate": 1966,
    "endDate": null,
    "nationality": {
        "en": "Chinese",
        "zh-hant": "中國籍"
    }
}