{
    "id": 551,
    "publicAccess": true,
    "name": {
        "en": "John Young",
        "zh-hant": "楊子榮"
    },
    "alphaSortName": {
        "en": "Young, John",
        "zh-hant": "楊子榮"
    },
    "type": "Individual",
    "roles": [
        "Artist",
        "藝術家"
    ],
    "displayBio": {
        "en": "Australian, born Hong Kong, 1956",
        "zh-hant": "澳洲籍，1956年生於香港"
    },
    "gender": {
        "en": "Male",
        "zh-hant": "男性"
    },
    "beginDate": 1956,
    "endDate": null,
    "nationality": {
        "en": "Australian",
        "zh-hant": "澳洲籍"
    }
}