{
    "id": 560,
    "publicAccess": true,
    "name": {
        "en": "Yuan Jai",
        "zh-hant": "袁旃"
    },
    "alphaSortName": {
        "en": "Yuan, Jai",
        "zh-hant": "Yuan, Jai"
    },
    "type": "Individual",
    "roles": [
        "Artist",
        "藝術家"
    ],
    "displayBio": {
        "en": "Taiwanese, born China, 1941",
        "zh-hant": "台灣籍，生於1941年"
    },
    "gender": {
        "en": "Female",
        "zh-hant": "女性"
    },
    "beginDate": 1941,
    "endDate": null,
    "nationality": {
        "en": "Taiwanese",
        "zh-hant": "台灣籍"
    }
}