{
    "id": 566,
    "publicAccess": true,
    "name": {
        "en": "Zang Kunkun",
        "zh-hant": "臧坤坤"
    },
    "alphaSortName": {
        "en": "Zang, Kunkun",
        "zh-hant": "臧, 坤坤"
    },
    "type": "Individual",
    "roles": [
        "Artist",
        "藝術家"
    ],
    "displayBio": {
        "en": "Chinese, born 1986",
        "zh-hant": "中國籍，生於1986年"
    },
    "gender": {
        "en": "Male",
        "zh-hant": "男性"
    },
    "beginDate": 1986,
    "endDate": null,
    "nationality": {
        "en": "Chinese",
        "zh-hant": "中國籍"
    }
}