{
    "id": 568,
    "publicAccess": true,
    "name": {
        "en": "Zeng Han",
        "zh-hant": "曾翰"
    },
    "alphaSortName": {
        "en": "Zeng, Han",
        "zh-hant": "曾, 翰"
    },
    "type": "Individual",
    "roles": [
        "Artist",
        "藝術家"
    ],
    "displayBio": {
        "en": "Chinese, born 1974",
        "zh-hant": "中國籍，生於1974年"
    },
    "gender": {
        "en": "Male",
        "zh-hant": "男性"
    },
    "beginDate": 1974,
    "endDate": null,
    "nationality": {
        "en": "Chinese",
        "zh-hant": "中國籍"
    }
}