{
    "id": 561,
    "publicAccess": true,
    "name": {
        "en": "Yuan Xiao Fang",
        "zh-hant": "袁曉舫"
    },
    "alphaSortName": {
        "en": "Yuan, Xiao Fang",
        "zh-hant": "袁, 曉舫"
    },
    "type": "Individual",
    "roles": [
        "Artist",
        "藝術家"
    ],
    "displayBio": {
        "en": "Chinese, born 1961",
        "zh-hant": "中國籍，生於1961年"
    },
    "gender": {
        "en": "Female",
        "zh-hant": "女性"
    },
    "beginDate": 1961,
    "endDate": null,
    "nationality": {
        "en": "Chinese",
        "zh-hant": "中國籍"
    }
}