{
    "id": 562,
    "publicAccess": true,
    "name": {
        "en": "U-theque",
        "zh-hant": "緣影會"
    },
    "alphaSortName": {
        "en": "U-theque",
        "zh-hant": "緣影會"
    },
    "type": "Organization",
    "roles": [
        "Artist",
        "藝術家"
    ],
    "displayBio": {
        "en": "established in Shenzhen. 1999–2004",
        "zh-hant": "成立於深圳，1999–2004年"
    },
    "gender": {
        "en": "Not Applicable",
        "zh-hant": "不適用"
    },
    "beginDate": 1999,
    "endDate": 2004,
    "nationality": {
        "en": "Chinese",
        "zh-hant": "中國籍"
    }
}