{
    "id": 578,
    "publicAccess": true,
    "name": {
        "en": "Zhang Jian-Jun",
        "zh-hant": "張健君"
    },
    "alphaSortName": {
        "en": "Zhang, Jianjun",
        "zh-hant": "張, 健君"
    },
    "type": "Individual",
    "roles": [
        "Artist",
        "藝術家"
    ],
    "displayBio": {
        "en": "Chinese, born 1955",
        "zh-hant": "中國籍，生於1955年"
    },
    "gender": {
        "en": "Male",
        "zh-hant": "男性"
    },
    "beginDate": 1955,
    "endDate": null,
    "nationality": {
        "en": "Chinese",
        "zh-hant": "中國籍"
    }
}