{
    "id": 575,
    "publicAccess": true,
    "name": {
        "en": "Zhang Fazhi",
        "zh-hant": "張發志"
    },
    "alphaSortName": {
        "en": "Zhang, Fazhi",
        "zh-hant": "張, 發志"
    },
    "type": "Individual",
    "roles": [
        "Artist",
        "藝術家"
    ],
    "displayBio": {
        "en": "Chinese, born 1976",
        "zh-hant": "中國籍，生於1976年"
    },
    "gender": {
        "en": "Male",
        "zh-hant": "男性"
    },
    "beginDate": 1976,
    "endDate": null,
    "nationality": {
        "en": "Chinese",
        "zh-hant": "中國籍"
    }
}