{
    "id": 570,
    "publicAccess": true,
    "name": {
        "en": "Zhan Rui",
        "zh-hant": "詹蕤"
    },
    "alphaSortName": {
        "en": "Zhan, Rui",
        "zh-hant": "詹, 蕤"
    },
    "type": "Individual",
    "roles": [
        "Artist",
        "藝術家"
    ],
    "displayBio": {
        "en": "Chinese, born 1980",
        "zh-hant": "中國籍，生於1980年"
    },
    "gender": {
        "en": "Male",
        "zh-hant": "男性"
    },
    "beginDate": 1980,
    "endDate": null,
    "nationality": {
        "en": "Chinese",
        "zh-hant": "中國籍"
    }
}