{
    "id": 582,
    "publicAccess": true,
    "name": {
        "en": "Zhang Liyu",
        "zh-hant": "張利語"
    },
    "alphaSortName": {
        "en": "Zhang, Liyu",
        "zh-hant": "張, 利語"
    },
    "type": "Individual",
    "roles": [
        "Artist",
        "藝術家"
    ],
    "displayBio": {
        "en": "Chinese, born 1965",
        "zh-hant": "中國籍，生於1965年"
    },
    "gender": {
        "en": "Male",
        "zh-hant": "男性"
    },
    "beginDate": 1965,
    "endDate": null,
    "nationality": {
        "en": "Chinese",
        "zh-hant": "中國籍"
    }
}