{
    "id": 585,
    "publicAccess": true,
    "name": {
        "en": "Zhang Peng",
        "zh-hant": "張鵬"
    },
    "alphaSortName": {
        "en": "Zhang, Peng",
        "zh-hant": "張, 鵬"
    },
    "type": "Individual",
    "roles": [
        "Artist",
        "藝術家"
    ],
    "displayBio": {
        "en": "Chinese, born 1981",
        "zh-hant": "中國籍，生於1981年"
    },
    "gender": {
        "en": "Male",
        "zh-hant": "男性"
    },
    "beginDate": 1981,
    "endDate": null,
    "nationality": {
        "en": "Chinese",
        "zh-hant": "中國籍"
    }
}