{
    "id": 581,
    "publicAccess": true,
    "name": {
        "en": "Zhang Lei",
        "zh-hant": "張蕾"
    },
    "alphaSortName": {
        "en": "Zhang, Lei",
        "zh-hant": "張蕾"
    },
    "type": "Individual",
    "roles": [
        "Designer",
        "設計師",
        "Artist",
        "藝術家"
    ],
    "displayBio": {
        "en": "Chinese, born 1964",
        "zh-hant": "中國籍，生於1964年"
    },
    "gender": {
        "en": "Female",
        "zh-hant": "女性"
    },
    "beginDate": 1964,
    "endDate": null,
    "nationality": {
        "en": "Chinese",
        "zh-hant": "中國籍"
    }
}