{
    "id": 580,
    "publicAccess": true,
    "name": {
        "en": "Zhang Ke",
        "zh-hant": "張軻"
    },
    "alphaSortName": {
        "en": "Zhang, Ke",
        "zh-hant": "張軻"
    },
    "type": "Individual",
    "roles": [
        "Designer",
        "設計師"
    ],
    "displayBio": {
        "en": "Chinese, born 1970",
        "zh-hant": "中國籍，生於1970年"
    },
    "gender": {
        "en": "Male",
        "zh-hant": "男性"
    },
    "beginDate": 1970,
    "endDate": null,
    "nationality": {
        "en": "Chinese",
        "zh-hant": "中國籍"
    }
}