{
    "id": 583,
    "publicAccess": true,
    "name": {
        "en": "Zhang O",
        "zh-hant": "張鷗"
    },
    "alphaSortName": {
        "en": "Zhang, O",
        "zh-hant": "張, 鷗"
    },
    "type": "Individual",
    "roles": [
        "Artist",
        "藝術家"
    ],
    "displayBio": {
        "en": "Chinese, born 1976",
        "zh-hant": "中國籍，生於1976年"
    },
    "gender": {
        "en": "Female",
        "zh-hant": "女性"
    },
    "beginDate": 1976,
    "endDate": null,
    "nationality": {
        "en": "Chinese",
        "zh-hant": "中國籍"
    }
}