{
    "id": 598,
    "publicAccess": true,
    "name": {
        "en": "Zhao Qin",
        "zh-hant": "趙勤"
    },
    "alphaSortName": {
        "en": "Zhao, Qin",
        "zh-hant": "趙, 勤"
    },
    "type": "Individual",
    "roles": [
        "Artist",
        "藝術家"
    ],
    "displayBio": {
        "en": "Chinese, born 1967",
        "zh-hant": "中國籍，生於1967年"
    },
    "gender": {
        "en": "Male",
        "zh-hant": "男性"
    },
    "beginDate": 1967,
    "endDate": null,
    "nationality": {
        "en": "Chinese",
        "zh-hant": "中國籍"
    }
}