{
    "id": 593,
    "publicAccess": true,
    "name": {
        "en": "Zhang Yaxin",
        "zh-hant": "張雅心"
    },
    "alphaSortName": {
        "en": "Zhang, Yaxin",
        "zh-hant": "張, 雅心"
    },
    "type": "Individual",
    "roles": [
        "Artist",
        "藝術家"
    ],
    "displayBio": {
        "en": "Chinese, born 1933",
        "zh-hant": "中國籍，生於1933年"
    },
    "gender": {
        "en": "Male",
        "zh-hant": "男性"
    },
    "beginDate": 1933,
    "endDate": null,
    "nationality": {
        "en": "Chinese",
        "zh-hant": "中國籍"
    }
}