{
    "id": 590,
    "publicAccess": true,
    "name": {
        "en": "Zhang Xiaogang",
        "zh-hant": "張曉剛"
    },
    "alphaSortName": {
        "en": "Zhang, Xiaogang",
        "zh-hant": "張, 曉剛"
    },
    "type": "Individual",
    "roles": [
        "Artist",
        "藝術家"
    ],
    "displayBio": {
        "en": "Chinese, born 1958",
        "zh-hant": "中國籍，生於1958年"
    },
    "gender": {
        "en": "Male",
        "zh-hant": "男性"
    },
    "beginDate": 1958,
    "endDate": null,
    "nationality": {
        "en": "Chinese",
        "zh-hant": "中國籍"
    }
}