{
    "id": 600,
    "publicAccess": true,
    "name": {
        "en": "Zhao Yiqian",
        "zh-hant": "趙一淺"
    },
    "alphaSortName": {
        "en": "Zhao, Yiqian",
        "zh-hant": "趙, 一淺"
    },
    "type": "Individual",
    "roles": [
        "Artist",
        "藝術家"
    ],
    "displayBio": {
        "en": "Chinese, born 1982",
        "zh-hant": "中國籍，生於1982年"
    },
    "gender": {
        "en": "Male",
        "zh-hant": "男性"
    },
    "beginDate": 1982,
    "endDate": null,
    "nationality": {
        "en": "Chinese",
        "zh-hant": "中國籍"
    }
}