{
    "id": 606,
    "publicAccess": true,
    "name": {
        "en": "Zhou Nan",
        "zh-hant": "周楠"
    },
    "alphaSortName": {
        "en": "Zhou, Nan",
        "zh-hant": "周, 楠"
    },
    "type": "Individual",
    "roles": [
        "Artist",
        "藝術家"
    ],
    "displayBio": {
        "en": "Chinese, born 1970s",
        "zh-hant": "Chinese, born 1970s"
    },
    "gender": {
        "en": "Female",
        "zh-hant": "女性"
    },
    "beginDate": 1970,
    "endDate": null,
    "nationality": {
        "en": "Chinese",
        "zh-hant": "中國籍"
    }
}