{
    "id": 605,
    "publicAccess": true,
    "name": {
        "en": "Zhou Changjiang",
        "zh-hant": "周長江"
    },
    "alphaSortName": {
        "en": "Zhou, Changjiang",
        "zh-hant": "周, 長江"
    },
    "type": "Individual",
    "roles": [
        "Artist",
        "藝術家"
    ],
    "displayBio": {
        "en": "Chinese, born 1950",
        "zh-hant": "中國籍，生於1950年"
    },
    "gender": {
        "en": "Male",
        "zh-hant": "男性"
    },
    "beginDate": 1950,
    "endDate": null,
    "nationality": {
        "en": "Chinese",
        "zh-hant": "中國籍"
    }
}