{
    "id": 614,
    "publicAccess": true,
    "name": {
        "en": "Zhu Jinshi",
        "zh-hant": "朱金石"
    },
    "alphaSortName": {
        "en": "Zhu, Jinshi",
        "zh-hant": "朱, 金石"
    },
    "type": "Individual",
    "roles": [
        "Artist",
        "藝術家"
    ],
    "displayBio": {
        "en": "Chinese, born 1954",
        "zh-hant": "中國籍，生於1954年"
    },
    "gender": {
        "en": "Male",
        "zh-hant": "男性"
    },
    "beginDate": 1954,
    "endDate": null,
    "nationality": {
        "en": "Chinese",
        "zh-hant": "中國籍"
    }
}