{
    "id": 616,
    "publicAccess": true,
    "name": {
        "en": "Zhu Weibing",
        "zh-hant": "Zhu Weibing"
    },
    "alphaSortName": {
        "en": "Zhu, Weibing",
        "zh-hant": "Zhu, Weibing"
    },
    "type": "Individual",
    "roles": [
        "Artist",
        "藝術家"
    ],
    "displayBio": {
        "en": "Chinese, born 1971",
        "zh-hant": "中國籍，生於1971年"
    },
    "gender": {
        "en": "Female",
        "zh-hant": "女性"
    },
    "beginDate": 1971,
    "endDate": null,
    "nationality": {
        "en": "Chinese",
        "zh-hant": "中國籍"
    }
}