{
    "id": 610,
    "publicAccess": true,
    "name": {
        "en": "Zhou Yilun",
        "zh-hant": "周軼倫"
    },
    "alphaSortName": {
        "en": "Zhou, Yilun",
        "zh-hant": "周, 軼倫"
    },
    "type": "Individual",
    "roles": [
        "Artist",
        "藝術家"
    ],
    "displayBio": {
        "en": "Chinese, born 1983",
        "zh-hant": "中國籍，生於1983年"
    },
    "gender": {
        "en": "Male",
        "zh-hant": "男性"
    },
    "beginDate": 1983,
    "endDate": null,
    "nationality": {
        "en": "Chinese",
        "zh-hant": "中國籍"
    }
}